,genre,danceability,energy,loudness,acousticness,instrumentalness,liveness,speechiness,valence
0,rap,0.878,0.604,-7.411,0.52,0.0,0.286,0.334,0.928
1,rap,0.822,0.653,-6.113,0.079,0.0,0.122,0.172,0.758
2,rap,0.761,0.739,-3.298,0.0971,0.0,0.114,0.206,0.29
3,rap,0.852,0.764,-6.592,0.165,0.0,0.0559,0.157,0.826
4,rap,0.823,0.514,-7.109,0.117,0.0,0.506,0.333,0.521
5,rap,0.644,0.478,-10.407,0.65,0.0,0.127,0.0491,0.606
6,rap,0.696,0.637,-5.739,0.193,0.0,0.124,0.176,0.249
7,rap,0.73,0.64,-6.703,0.0356,0.0,0.32,0.138,0.52
8,rap,0.852,0.812,-5.949,0.0254,0.0,0.0604,0.295,0.504
9,rap,0.767,0.645,-6.91,0.264,9.73e-06,0.105,0.175,0.667
10,rap,0.855,0.792,-7.866,0.222,0.0,0.104,0.266,0.817
11,rap,0.772,0.674,-7.105,0.284,0.00055,0.145,0.305,0.353
12,rap,0.669,0.694,-6.36,0.343,0.0,0.149,0.0634,0.455
13,rap,0.758,0.689,-10.606,0.408,1.39e-06,0.0609,0.236,0.83
14,rap,0.794,0.644,-7.537,0.175,0.0,0.344,0.194,0.586
15,rap,0.65,0.701,-5.292,0.319,0.0,0.14,0.26,0.356
16,rap,0.788,0.718,-7.32,0.329,1.69e-05,0.118,0.234,0.513
17,rap,0.791,0.766,-6.416,0.234,0.0,0.114,0.215,0.778
18,rap,0.815,0.664,-6.462,0.0981,0.0,0.129,0.276,0.364
19,rap,0.801,0.531,-8.023,0.205,3.6e-05,0.0902,0.177,0.376
20,rap,0.821,0.738,-6.087,0.255,0.0,0.103,0.438,0.516
21,rap,0.726,0.822,-5.106,0.00624,1.99e-05,0.139,0.0367,0.768
22,rap,0.801,0.817,-5.45,0.715,0.000434,0.612,0.0493,0.922
23,rap,0.743,0.708,-4.499,0.0859,0.0,0.171,0.3,0.472
24,rap,0.536,0.644,-7.827,0.0809,0.0,0.256,0.349,0.705
25,rap,0.766,0.468,-8.798,0.393,6.27e-05,0.109,0.316,0.537
26,rap,0.551,0.844,-3.939,0.00446,0.0,0.459,0.0505,0.227
27,rap,0.962,0.619,-7.978,0.0962,0.000426,0.0327,0.128,0.558
28,rap,0.928,0.767,-8.108,0.199,0.103,0.0771,0.0685,0.845
29,rap,0.666,0.86,-6.797,0.583,0.0,0.168,0.122,0.378
30,rap,0.806,0.73,-5.937,0.28,0.0,0.125,0.289,0.724
31,rap,0.614,0.431,-9.156,0.556,3.62e-06,0.0936,0.0588,0.519
32,rap,0.77,0.832,-5.567,0.226,0.0,0.746,0.264,0.434
33,rap,0.782,0.657,-7.561,0.26,0.0,0.131,0.164,0.568
34,rap,0.698,0.708,-6.118,0.418,0.0,0.0771,0.24,0.621
35,rap,0.82,0.722,-5.607,0.00857,1.17e-06,0.284,0.0704,0.531
36,rap,0.898,0.726,-5.743,0.00695,0.0,0.156,0.237,0.436
37,rap,0.78,0.675,-7.15,0.301,0.00178,0.113,0.0917,0.761
38,rap,0.79,0.863,-4.787,0.0357,0.0,0.199,0.254,0.563
39,rap,0.774,0.82,-6.83,0.461,1.25e-05,0.233,0.162,0.773
40,rap,0.74,0.711,-6.378,0.16,0.0,0.447,0.271,0.318
41,rap,0.817,0.729,-4.981,0.527,0.0,0.111,0.0609,0.518
42,rap,0.689,0.654,-5.758,0.303,0.0,0.113,0.37,0.718
43,rap,0.927,0.611,-4.672,0.133,0.0,0.129,0.128,0.236
44,rap,0.717,0.725,-6.287,0.467,0.0,0.0987,0.162,0.645
45,rap,0.725,0.775,-9.432,0.54,0.0,0.121,0.432,0.697
46,rap,0.876,0.601,-5.769,0.091,0.0,0.055,0.247,0.863
47,rap,0.702,0.803,-4.947,0.412,0.0,0.437,0.325,0.791
48,rap,0.853,0.734,-4.642,0.0651,0.0,0.338,0.0733,0.382
49,rap,0.736,0.741,-7.314,0.53,7.12e-06,0.505,0.235,0.615
50,rap,0.762,0.509,-7.054,0.427,0.0,0.109,0.151,0.283
51,rap,0.825,0.608,-6.992,0.454,0.0,0.0761,0.0706,0.451
52,rap,0.764,0.582,-6.226,0.25,0.038,0.111,0.0592,0.496
53,rap,0.892,0.828,-6.564,0.104,0.00605,0.13,0.102,0.36
54,rap,0.743,0.819,-5.003,0.0769,0.0,0.142,0.0949,0.474
55,rap,0.81,0.642,-6.034,0.221,9.93e-06,0.0739,0.192,0.428
56,rap,0.744,0.603,-8.77,0.353,0.0,0.135,0.239,0.215
57,rap,0.687,0.828,-7.911,0.523,0.0,0.34,0.457,0.0987
58,rap,0.725,0.853,-6.301,0.254,0.0,0.168,0.19,0.353
59,rap,0.833,0.578,-9.242,0.355,0.00189,0.0936,0.32,0.447
60,rap,0.78,0.875,-4.025,0.364,0.0,0.07,0.139,0.836
61,rap,0.631,0.8,-4.901,0.118,0.000166,0.0912,0.116,0.426
62,rap,0.705,0.714,-6.166,0.411,8.01e-06,0.852,0.0699,0.646
63,rap,0.818,0.697,-7.945,0.282,0.0,0.296,0.188,0.805
64,rap,0.509,0.663,-5.037,0.0541,0.0,0.0849,0.258,0.118
65,rap,0.711,0.498,-10.561,0.482,0.0304,0.102,0.0502,0.0758
66,rap,0.65,0.626,-8.979,0.0215,0.0,0.122,0.157,0.281
67,rap,0.702,0.725,-6.003,0.297,0.0,0.198,0.13,0.501
68,rap,0.645,0.792,-7.484,0.314,0.0,0.5,0.334,0.38
69,rap,0.843,0.634,-7.726,0.107,9.9e-06,0.12,0.0681,0.604
70,rap,0.699,0.708,-5.745,0.106,0.0,0.274,0.0728,0.781
71,rap,0.752,0.621,-6.89,0.431,0.0,0.205,0.0825,0.298
72,rap,0.867,0.89,-3.197,0.44,0.0,0.136,0.253,0.527
73,rap,0.772,0.672,-5.333,0.288,0.0,0.133,0.178,0.655
74,rap,0.609,0.825,-6.357,0.0544,0.0,0.182,0.331,0.466
75,rap,0.702,0.702,-5.095,0.126,0.0644,0.242,0.125,0.713
76,rap,0.763,0.803,-7.449,0.399,0.0,0.315,0.043,0.664
77,rap,0.76,0.656,-7.57,0.398,0.0,0.132,0.0431,0.558
78,rap,0.761,0.592,-8.523,0.0973,0.0,0.117,0.0653,0.113
79,rap,0.557,0.923,-5.376,0.0473,0.0,0.142,0.209,0.828
80,rap,0.593,0.691,-6.858,0.297,0.0,0.113,0.11,0.435
81,rap,0.802,0.652,-5.142,0.18,0.0,0.266,0.356,0.452
82,rap,0.92,0.363,-11.92,0.028,0.0118,0.0854,0.0933,0.558
83,rap,0.691,0.676,-8.181,0.255,9.17e-06,0.221,0.324,0.197
84,rap,0.739,0.578,-8.561,0.813,0.0,0.11,0.23,0.5
85,rap,0.748,0.441,-10.026,0.594,0.0,0.109,0.164,0.418
86,rap,0.711,0.491,-9.797,0.185,0.0,0.154,0.051,0.198
87,rap,0.802,0.412,-9.593,0.533,0.0,0.0774,0.157,0.709
88,rap,0.92,0.442,-9.719,0.316,0.0,0.106,0.185,0.605
89,rap,0.681,0.597,-8.985,0.669,0.0,0.295,0.109,0.542
90,rap,0.957,0.664,-10.458,0.295,2.41e-06,0.217,0.283,0.805
91,rap,0.72,0.722,-6.621,0.762,0.0,0.0706,0.174,0.686
92,rap,0.86,0.678,-7.35,0.075,0.0,0.105,0.163,0.513
93,rap,0.657,0.739,-8.509,0.107,0.0,0.0883,0.316,0.406
94,rap,0.724,0.695,-6.908,0.437,0.0,0.0977,0.124,0.435
95,rap,0.427,0.682,-5.661,0.263,0.255,0.0842,0.118,0.139
96,rap,0.68,0.519,-11.125,0.285,1.42e-06,0.0973,0.113,0.238
97,rap,0.683,0.587,-6.878,0.265,3.45e-05,0.135,0.246,0.144
98,rap,0.756,0.829,-3.787,0.348,0.0,0.313,0.0318,0.821
99,rap,0.715,0.566,-8.426,0.392,0.0,0.294,0.326,0.651
0,rock,0.532,0.767,-5.509,0.00287,0.000513,0.39,0.0574,0.755
1,rock,0.445,0.955,-8.027,0.0326,0.284,0.317,0.0856,0.336
2,rock,0.267,0.953,-4.899,0.00211,0.0,0.283,0.096,0.568
3,rock,0.572,0.835,-6.219,0.171,0.000377,0.0702,0.0317,0.795
4,rock,0.933,0.528,-6.472,0.112,0.329,0.163,0.162,0.756
5,rock,0.52,0.887,-3.296,0.0665,0.000179,0.186,0.0349,0.793
6,rock,0.743,0.836,-6.465,0.0804,0.0,0.384,0.116,0.82
7,rock,0.813,0.46,-9.78,0.56,0.0105,0.0724,0.0346,0.729
8,rock,0.6,0.931,-4.647,0.0296,7.1e-05,0.392,0.0734,0.542
9,rock,0.482,0.601,-12.846,0.00853,0.000187,0.249,0.0486,0.774
10,rock,0.768,0.852,-6.215,0.213,7.45e-05,0.0723,0.038,0.867
11,rock,0.619,0.703,-9.414,0.00388,0.205,0.163,0.0525,0.709
12,rock,0.623,0.449,-13.333,0.212,0.0,0.0613,0.0253,0.572
13,rock,0.54,0.429,-11.822,0.000202,0.355,0.141,0.0285,0.113
14,rock,0.469,0.334,-8.172,0.752,2.48e-05,0.376,0.0263,0.282
15,rock,0.801,0.723,-4.985,0.0713,0.154,0.0675,0.0689,0.883
16,rock,0.502,0.924,-6.299,0.0127,0.0,0.162,0.0503,0.922
17,rock,0.508,0.834,-6.205,0.0183,0.0,0.0732,0.0386,0.774
18,rock,0.519,0.934,-7.137,0.000312,0.00457,0.137,0.0471,0.586
19,rock,0.54,0.982,-2.962,0.435,3.37e-05,0.0457,0.0458,0.91
20,rock,0.729,0.989,-4.613,0.0102,4.45e-05,0.443,0.049,0.84
21,rock,0.386,0.767,-5.144,4.04e-05,1.61e-06,0.0929,0.04,0.636
22,rock,0.398,0.952,-6.042,0.000373,7.75e-05,0.1,0.061,0.584
23,rock,0.533,0.637,-5.571,0.16,1.12e-05,0.369,0.0323,0.292
24,rock,0.39,0.898,-4.089,0.207,6.64e-05,0.217,0.045,0.204
25,rock,0.767,0.651,-10.186,0.00841,3.86e-05,0.0609,0.0501,0.946
26,rock,0.449,0.901,-7.711,0.141,0.0675,0.128,0.0526,0.696
27,rock,0.3,0.894,-7.786,0.0515,0.000333,0.125,0.109,0.268
28,rock,0.505,0.689,-4.549,0.00623,0.0,0.109,0.0403,0.484
29,rock,0.611,0.883,-11.225,0.0846,1.2e-06,0.192,0.0539,0.604
30,rock,0.574,0.93,-2.949,0.0657,7.78e-06,0.108,0.0413,0.69
31,rock,0.548,0.691,-13.553,0.015,0.106,0.144,0.0369,0.667
32,rock,0.525,0.858,-4.927,0.000466,0.878,0.166,0.0345,0.669
33,rock,0.573,0.902,-7.638,0.018,0.00125,0.0928,0.054,0.876
34,rock,0.92,0.654,-3.051,0.0236,0.0158,0.0359,0.0401,0.847
35,rock,0.486,0.758,-4.788,0.000955,0.000106,0.184,0.05,0.175
36,rock,0.644,0.919,-6.289,0.181,0.134,0.622,0.0561,0.871
37,rock,0.637,0.682,-11.625,0.0112,0.0234,0.0473,0.0366,0.714
38,rock,0.398,0.93,-6.76,0.000854,0.121,0.0874,0.0615,0.725
39,rock,0.442,0.935,-6.903,0.0524,0.000307,0.188,0.0424,0.514
40,rock,0.555,0.973,-3.804,0.048,0.0,0.0853,0.035,0.805
41,rock,0.492,0.709,-9.66,0.0113,0.00564,0.153,0.0359,0.264
42,rock,0.497,0.513,-5.545,0.653,0.00455,0.106,0.0492,0.145
43,rock,0.526,0.978,-5.436,0.00122,4.75e-05,0.0744,0.108,0.451
44,rock,0.65,0.732,-10.042,0.435,0.0,0.093,0.0289,0.919
45,rock,0.402,0.597,-9.258,0.0385,2.09e-06,0.109,0.0327,0.496
46,rock,0.691,0.812,-7.772,0.0433,1.16e-06,0.299,0.0558,0.685
47,rock,0.457,0.794,-6.624,0.000384,7.18e-05,0.131,0.0298,0.354
48,rock,0.525,0.882,-4.479,0.0252,0.0,0.101,0.0467,0.623
49,rock,0.625,0.822,-7.215,0.00257,3.3e-05,0.0655,0.0644,0.709
50,rock,0.648,0.947,-6.617,0.0114,0.0567,0.105,0.0369,0.602
51,rock,0.823,0.562,-10.134,0.156,0.00033,0.0861,0.0318,0.562
52,rock,0.567,0.943,-7.992,0.0312,0.0965,0.544,0.0387,0.965
53,rock,0.511,0.942,-10.407,0.174,1.87e-05,0.139,0.0429,0.498
54,rock,0.569,0.402,-10.151,0.438,0.0,0.134,0.0433,0.696
55,rock,0.536,0.959,-5.126,0.000766,0.0533,0.22,0.076,0.39
56,rock,0.807,0.438,-9.596,0.028,0.0,0.454,0.182,0.793
57,rock,0.444,0.703,-9.443,0.00112,0.0761,0.127,0.0641,0.419
58,rock,0.31,0.7,-5.678,0.011,0.00965,0.0828,0.047,0.763
59,rock,0.536,0.901,-7.211,0.00145,0.0186,0.06,0.0374,0.666
60,rock,0.667,0.655,-9.339,0.0491,0.000894,0.0641,0.0367,0.657
61,rock,0.704,0.77,-8.843,0.113,0.0,0.101,0.0526,0.839
62,rock,0.45,0.658,-7.064,0.648,3.14e-06,0.264,0.0472,0.781
63,rock,0.544,0.494,-7.785,0.235,1.45e-06,0.114,0.026,0.416
64,rock,0.503,0.858,-6.296,0.00757,0.00234,0.0803,0.0657,0.419
65,rock,0.525,0.902,-8.662,0.000989,0.691,0.137,0.0368,0.907
66,rock,0.475,0.899,-4.321,0.00375,1.91e-05,0.14,0.0637,0.603
67,rock,0.887,0.48,-11.994,0.0094,3.58e-05,0.0662,0.117,0.607
68,rock,0.526,0.924,-5.591,0.027,0.000728,0.598,0.0391,0.793
69,rock,0.645,0.795,-12.095,0.347,0.00389,0.104,0.0527,0.535
70,rock,0.805,0.883,-4.869,0.00446,0.00458,0.0973,0.064,0.696
71,rock,0.676,0.7,-13.397,0.334,1.4e-05,0.0462,0.0391,0.692
72,rock,0.793,0.703,-9.548,0.000726,0.88,0.075,0.0581,0.856
73,rock,0.66,0.816,-6.61,0.168,0.0181,0.0608,0.0299,0.678
74,rock,0.491,0.802,-7.106,0.25,0.0,0.387,0.0392,0.472
75,rock,0.516,0.549,-13.741,0.501,0.00572,0.184,0.0373,0.907
76,rock,0.702,0.578,-13.415,0.382,5.89e-06,0.0425,0.031,0.975
77,rock,0.866,0.509,-7.823,0.0291,0.000526,0.148,0.341,0.414
78,rock,0.565,0.764,-9.43,0.0139,0.00488,0.079,0.0351,0.686
79,rock,0.324,0.931,-6.803,0.0155,0.0252,0.277,0.0837,0.313
80,rock,0.441,0.908,-4.627,0.000183,0.00328,0.0612,0.115,0.632
81,rock,0.554,0.833,-6.667,0.000646,0.0025,0.0737,0.0347,0.773
82,rock,0.472,0.946,-4.591,0.0372,0.0,0.352,0.145,0.486
83,rock,0.629,0.785,-10.761,0.0249,9.45e-06,0.0522,0.0471,0.869
84,rock,0.506,0.754,-7.272,0.268,0.0,0.298,0.0493,0.56
85,rock,0.453,0.905,-4.001,0.36,0.000569,0.26,0.115,0.474
86,rock,0.329,0.974,-8.77,0.000852,0.000118,0.0904,0.135,0.234
87,rock,0.221,0.956,-4.641,0.0103,0.000523,0.195,0.0876,0.432
88,rock,0.566,0.926,-7.099,0.00182,0.122,0.281,0.0327,0.963
89,rock,0.536,0.869,-4.91,0.000732,0.000374,0.337,0.0597,0.493
90,rock,0.41,0.762,-10.716,0.000537,0.00172,0.653,0.0362,0.66
91,rock,0.801,0.693,-6.493,0.216,1.33e-06,0.134,0.051,0.563
92,rock,0.55,0.765,-8.684,4.82e-06,0.873,0.132,0.0287,0.417
93,rock,0.679,0.741,-7.596,0.134,0.207,0.0985,0.0494,0.363
94,rock,0.529,0.843,-6.908,0.0628,0.000827,0.0608,0.0616,0.188
95,rock,0.206,0.81,-6.492,5.93e-05,0.0644,0.0855,0.0423,0.155
96,rock,0.462,0.836,-5.766,0.00517,0.0,0.18,0.0621,0.671
97,rock,0.797,0.872,-6.727,0.291,0.0,0.284,0.0575,0.866
98,rock,0.541,0.982,-3.623,4.04e-05,0.123,0.0267,0.0602,0.411
99,rock,0.487,0.885,-12.005,0.000397,0.347,0.0973,0.0427,0.579
0,metal,0.437,0.572,-8.648,0.00191,0.00243,0.116,0.0339,0.239
1,metal,0.268,0.588,-4.134,0.169,0.00204,0.156,0.0311,0.0772
2,metal,0.312,0.576,-8.547,0.00792,8.02e-06,0.0949,0.0354,0.322
3,metal,0.558,0.364,-11.258,0.0505,5.02e-06,0.0753,0.0265,0.17
4,metal,0.272,0.747,-4.86,0.000393,4.03e-05,0.16,0.0401,0.255
5,metal,0.496,0.62,-7.458,0.00386,1.47e-06,0.114,0.0265,0.279
6,metal,0.281,0.634,-9.452,0.0181,0.322,0.133,0.0315,0.249
7,metal,0.446,0.409,-14.817,0.287,0.0,0.0788,0.0368,0.295
8,metal,0.306,0.747,-5.456,0.0575,5.03e-05,0.41,0.0365,0.291
9,metal,0.503,0.56,-12.044,0.0382,0.0,0.059,0.03,0.548
10,metal,0.338,0.668,-8.963,0.00275,1.15e-06,0.192,0.031,0.358
11,metal,0.496,0.739,-7.193,0.0211,0.00444,0.106,0.0415,0.378
12,metal,0.448,0.504,-7.749,0.0171,0.000849,0.38,0.0317,0.391
13,metal,0.231,0.43,-11.601,0.448,0.00141,0.229,0.0301,0.155
14,metal,0.428,0.682,-10.565,0.255,1.33e-05,0.0544,0.0306,0.598
15,metal,0.525,0.619,-8.096,0.127,0.0,0.172,0.0242,0.381
16,metal,0.609,0.912,-3.324,0.0734,3.1e-06,0.159,0.0338,0.564
17,metal,0.443,0.855,-3.674,0.000192,0.0102,0.353,0.0324,0.466
18,metal,0.457,0.266,-14.465,0.711,0.000261,0.124,0.0313,0.372
19,metal,0.54,0.584,-9.579,0.0108,0.00296,0.253,0.0254,0.244
20,metal,0.176,0.726,-7.074,0.0575,3.01e-06,0.148,0.0537,0.374
21,metal,0.188,0.638,-7.652,0.241,0.0143,0.136,0.0336,0.291
22,metal,0.454,0.614,-10.41,0.00223,1.16e-05,0.0936,0.0302,0.343
23,metal,0.466,0.648,-11.101,0.0023,1.49e-05,0.112,0.028,0.305
24,metal,0.258,0.907,-7.287,0.0183,0.201,0.11,0.112,0.317
25,metal,0.485,0.674,-6.471,0.0428,4.51e-05,0.103,0.029,0.224
26,metal,0.288,0.866,-4.618,0.107,0.0,0.808,0.0488,0.512
27,metal,0.517,0.559,-7.291,0.0523,2.09e-06,0.308,0.027,0.172
28,metal,0.315,0.554,-7.739,0.291,0.0,0.255,0.0337,0.201
29,metal,0.455,0.487,-7.112,0.114,2.43e-06,0.358,0.0264,0.139
30,metal,0.462,0.628,-5.659,0.0534,0.00025,0.12,0.0274,0.0981
31,metal,0.294,0.613,-10.527,0.235,0.000494,0.139,0.0384,0.228
32,metal,0.361,0.518,-13.048,0.114,0.0,0.137,0.0565,0.23
33,metal,0.497,0.89,-4.559,0.00055,0.00129,0.255,0.0445,0.249
34,metal,0.597,0.51,-9.5,0.326,0.0539,0.0554,0.0283,0.288
35,metal,0.428,0.662,-5.433,0.151,1.84e-06,0.215,0.0295,0.367
36,metal,0.594,0.752,-10.661,0.00847,0.00161,0.0578,0.0263,0.736
37,metal,0.403,0.601,-8.402,0.023,0.00145,0.0751,0.0308,0.316
38,metal,0.14,0.709,-7.163,2.25e-05,1.12e-06,0.0778,0.0364,0.218
39,metal,0.36,0.881,-6.815,0.0113,0.0,0.0742,0.048,0.295
40,metal,0.461,0.415,-6.784,0.645,3.95e-06,0.108,0.025,0.23
41,metal,0.442,0.491,-6.598,0.00693,0.00491,0.114,0.0246,0.125
42,metal,0.598,0.76,-5.822,0.0107,1.07e-05,0.343,0.0295,0.164
43,metal,0.588,0.72,-10.572,0.0194,8.81e-05,0.145,0.0368,0.604
44,metal,0.31,0.601,-5.603,0.101,0.0,0.215,0.0292,0.175
45,metal,0.363,0.518,-11.787,0.148,0.000136,0.0824,0.0366,0.2
46,metal,0.28,0.908,-5.509,0.0327,8.85e-06,0.18,0.109,0.26
47,metal,0.493,0.636,-7.408,0.0629,2.49e-06,0.0921,0.0256,0.279
48,metal,0.444,0.645,-4.039,0.00421,0.0,0.111,0.0312,0.15
49,metal,0.477,0.704,-6.425,0.000962,7.25e-05,0.194,0.0273,0.48
50,metal,0.659,0.846,-5.508,0.0318,0.0144,0.203,0.0274,0.659
51,metal,0.458,0.884,-4.679,0.000468,0.483,0.128,0.0495,0.25
52,metal,0.531,0.322,-14.834,0.188,2.89e-06,0.109,0.0305,0.197
53,metal,0.296,0.665,-6.952,0.0204,0.000113,0.128,0.0398,0.309
54,metal,0.494,0.825,-7.801,0.00263,0.00443,0.0833,0.0492,0.225
55,metal,0.282,0.656,-6.557,0.0105,0.0,0.0892,0.0302,0.242
56,metal,0.279,0.806,-4.714,0.00499,0.0126,0.116,0.0448,0.132
57,metal,0.507,0.873,-4.683,0.00561,1.27e-06,0.268,0.0432,0.362
58,metal,0.502,0.43,-9.228,0.16,0.0,0.101,0.0274,0.287
59,metal,0.519,0.6,-7.505,0.331,0.0,0.454,0.0336,0.384
60,metal,0.371,0.696,-5.516,0.00236,3.12e-06,0.0857,0.0294,0.209
61,metal,0.386,0.713,-9.186,0.0919,0.00244,0.276,0.0427,0.11
62,metal,0.353,0.656,-5.712,0.0431,0.000161,0.139,0.0319,0.195
63,metal,0.353,0.664,-7.436,0.21,0.0,0.266,0.0403,0.207
64,metal,0.52,0.274,-10.661,0.843,0.0165,0.0724,0.0363,0.222
65,metal,0.544,0.69,-5.723,0.012,0.0095,0.0615,0.0425,0.219
66,metal,0.433,0.455,-14.47,0.232,0.0,0.0634,0.0427,0.391
67,metal,0.292,0.861,-6.333,0.00628,0.00194,0.14,0.0543,0.151
68,metal,0.469,0.65,-9.22,0.045,0.00111,0.231,0.0344,0.221
69,metal,0.486,0.487,-11.633,0.445,1.44e-05,0.0648,0.0341,0.373
70,metal,0.577,0.662,-7.99,0.000835,1.61e-06,0.0706,0.0252,0.544
71,metal,0.521,0.323,-11.025,0.217,0.0,0.0613,0.0346,0.264
72,metal,0.44,0.418,-11.618,0.0165,0.0135,0.0791,0.0259,0.312
73,metal,0.28,0.714,-5.653,0.039,3.26e-05,0.164,0.0314,0.539
74,metal,0.589,0.484,-6.622,0.489,0.0,0.113,0.0266,0.0927
75,metal,0.274,0.897,-7.305,0.047,0.00147,0.196,0.0619,0.547
76,metal,0.493,0.242,-13.593,0.68,0.0,0.071,0.0291,0.345
77,metal,0.447,0.556,-8.112,0.0355,0.894,0.0937,0.0306,0.13
78,metal,0.248,0.805,-7.847,0.000478,0.00087,0.237,0.0463,0.384
79,metal,0.297,0.692,-5.625,0.00196,3.75e-06,0.115,0.0344,0.103
80,metal,0.427,0.602,-7.406,8.34e-05,0.00231,0.613,0.0324,0.061
81,metal,0.395,0.778,-7.576,7.08e-05,0.463,0.0822,0.0332,0.19
82,metal,0.575,0.601,-7.52,0.0665,3.56e-05,0.229,0.0313,0.198
83,metal,0.546,0.738,-5.264,0.00528,1.34e-06,0.12,0.0288,0.192
84,metal,0.275,0.631,-10.22,0.326,0.000195,0.209,0.0336,0.109
85,metal,0.231,0.668,-5.517,0.00299,0.128,0.111,0.0377,0.0688
86,metal,0.424,0.59,-5.531,0.00389,0.000432,0.114,0.0294,0.204
87,metal,0.273,0.688,-10.883,9.48e-05,0.0504,0.051,0.0326,0.347
88,metal,0.393,0.722,-4.171,0.119,0.0,0.165,0.0326,0.129
89,metal,0.593,0.324,-10.352,0.747,3.3e-06,0.498,0.0289,0.156
90,metal,0.668,0.867,-7.594,0.666,0.0,0.22,0.033,0.963
91,metal,0.471,0.765,-4.406,0.0668,0.082,0.128,0.0323,0.353
92,metal,0.313,0.631,-7.734,0.0525,0.0833,0.184,0.0395,0.184
93,metal,0.497,0.737,-6.291,0.0002,7.55e-05,0.0744,0.0353,0.351
94,metal,0.527,0.306,-12.63,0.55,0.0,0.322,0.0263,0.1
95,metal,0.59,0.743,-7.078,0.067,0.00093,0.0847,0.0347,0.412
96,metal,0.442,0.793,-5.465,0.000128,0.000305,0.227,0.029,0.313
97,metal,0.212,0.81,-4.506,0.000567,0.0,0.233,0.0363,0.202
98,metal,0.428,0.817,-7.883,0.00905,0.0525,0.134,0.0331,0.359
99,metal,0.445,0.556,-9.254,0.00289,4.37e-06,0.0299,0.0317,0.333
0,classical,0.275,0.157,-18.752,0.89,0.842,0.186,0.0636,0.304
1,classical,0.221,0.126,-25.427,0.989,0.897,0.102,0.0447,0.216
2,classical,0.289,0.0306,-30.79,0.987,0.911,0.102,0.0446,0.118
3,classical,0.0753,0.07,-27.272,0.918,0.947,0.146,0.044,0.0625
4,classical,0.13,0.158,-16.132,0.748,0.924,0.1,0.035,0.0998
5,classical,0.0939,0.0336,-24.041,0.927,0.83,0.0954,0.0606,0.0516
6,classical,0.376,0.00579,-31.615,0.996,0.944,0.0882,0.0576,0.0369
7,classical,0.169,0.0161,-31.034,0.986,0.86,0.0805,0.0442,0.0573
8,classical,0.335,0.00501,-33.366,0.993,0.919,0.0618,0.0451,0.0383
9,classical,0.205,0.0686,-23.415,0.873,0.402,0.0909,0.0462,0.0359
10,classical,0.233,0.0252,-24.824,0.975,0.604,0.143,0.0346,0.0936
11,classical,0.371,0.131,-23.899,0.898,0.925,0.0847,0.0413,0.0655
12,classical,0.0783,0.0523,-23.247,0.896,0.945,0.0806,0.0471,0.0327
13,classical,0.0811,0.0122,-32.654,0.902,0.308,0.0648,0.0511,0.0384
14,classical,0.353,0.254,-16.205,0.948,0.859,0.0843,0.0349,0.0986
15,classical,0.194,0.0545,-24.877,0.983,0.945,0.0551,0.0366,0.0385
16,classical,0.253,0.098,-19.878,0.93,0.862,0.122,0.0437,0.062
17,classical,0.205,0.0525,-23.841,0.98,0.906,0.103,0.0327,0.0511
18,classical,0.184,0.00527,-37.264,0.995,0.887,0.173,0.0432,0.151
19,classical,0.235,0.0639,-24.404,0.962,0.603,0.466,0.049,0.0781
20,classical,0.148,0.0722,-25.217,0.944,0.148,0.115,0.0427,0.0467
21,classical,0.312,0.0465,-26.438,0.981,0.9,0.0872,0.0378,0.0371
22,classical,0.341,0.0142,-28.293,0.993,0.921,0.113,0.0388,0.0384
23,classical,0.279,0.0292,-26.804,0.987,0.902,0.104,0.0406,0.0338
24,classical,0.113,0.161,-20.046,0.484,0.928,0.16,0.0442,0.0365
25,classical,0.0623,0.0116,-27.893,0.991,0.445,0.0816,0.0567,0.0331
26,classical,0.701,0.341,-12.26,0.499,0.903,0.359,0.0418,0.163
27,classical,0.21,0.101,-19.383,0.927,0.902,0.0776,0.0403,0.153
28,classical,0.302,0.119,-18.059,0.975,0.887,0.11,0.0386,0.0381
29,classical,0.102,0.0733,-24.133,0.974,0.859,0.28,0.0488,0.0308
30,classical,0.165,0.106,-21.742,0.807,0.782,0.105,0.039,0.0336
31,classical,0.292,0.246,-14.96,0.922,0.525,0.107,0.0385,0.0859
32,classical,0.327,0.332,-12.971,0.877,0.751,0.129,0.0404,0.285
33,classical,0.115,0.0422,-24.137,0.966,0.919,0.0896,0.0404,0.037
34,classical,0.491,0.0176,-26.911,0.994,0.927,0.0985,0.0644,0.0901
35,classical,0.25,0.135,-18.615,0.958,0.0349,0.0477,0.0488,0.179
36,classical,0.212,0.119,-20.511,0.976,0.907,0.087,0.0366,0.0396
37,classical,0.176,0.006,-42.238,0.899,3.24e-05,0.105,0.0384,0.0383
38,classical,0.1,0.0354,-17.211,0.901,0.865,0.125,0.0387,0.0426
39,classical,0.351,0.206,-22.657,0.797,0.255,0.0738,0.0597,0.0839
40,classical,0.299,0.00626,-30.923,0.994,0.901,0.0823,0.0478,0.0634
41,classical,0.191,0.0363,-25.31,0.991,0.924,0.141,0.0409,0.0372
42,classical,0.225,0.0047,-30.928,0.992,0.881,0.0722,0.0509,0.186
43,classical,0.322,0.14,-20.747,0.906,0.759,0.125,0.0489,0.285
44,classical,0.212,0.301,-12.505,0.963,0.0033,0.13,0.0384,0.0798
45,classical,0.436,0.151,-20.745,0.955,0.793,0.11,0.0603,0.359
46,classical,0.465,0.128,-17.628,0.978,0.271,0.0423,0.0519,0.428
47,classical,0.37,0.0076,-33.663,0.995,0.91,0.0864,0.0384,0.278
48,classical,0.31,0.0555,-25.695,0.994,0.906,0.121,0.0395,0.566
49,classical,0.224,0.0291,-26.167,0.959,0.845,0.106,0.0455,0.0538
50,classical,0.101,0.0241,-30.172,0.947,0.847,0.0693,0.0485,0.0329
51,classical,0.296,0.00896,-31.948,0.994,0.91,0.0815,0.0394,0.0673
52,classical,0.212,0.0517,-24.467,0.928,0.639,0.112,0.0525,0.152
53,classical,0.116,0.0694,-23.624,0.969,0.644,0.109,0.0497,0.0377
54,classical,0.48,0.163,-19.117,0.81,0.754,0.093,0.0645,0.212
55,classical,0.218,0.117,-18.585,0.94,0.861,0.15,0.0489,0.0599
56,classical,0.309,0.258,-15.327,0.976,0.69,0.0924,0.0459,0.115
57,classical,0.193,0.0839,-22.849,0.971,0.822,0.118,0.0406,0.0569
58,classical,0.164,0.0194,-34.126,0.938,0.859,0.0939,0.0434,0.0581
59,classical,0.241,0.122,-22.411,0.925,0.66,0.126,0.0497,0.187
60,classical,0.248,0.298,-15.661,0.957,0.9,0.0943,0.0395,0.157
61,classical,0.166,0.0363,-26.822,0.978,0.922,0.0882,0.0381,0.039
62,classical,0.0891,0.341,-12.681,0.145,0.836,0.111,0.046,0.0334
63,classical,0.24,0.0648,-25.208,0.935,0.0272,0.258,0.0426,0.0771
64,classical,0.359,0.046,-18.725,0.901,0.118,0.277,0.0407,0.263
65,classical,0.12,0.138,-15.538,0.994,0.686,0.11,0.048,0.043
66,classical,0.463,0.162,-24.484,0.963,0.825,0.0943,0.045,0.374
67,classical,0.436,0.00518,-36.593,0.995,0.932,0.0788,0.067,0.275
68,classical,0.231,0.133,-20.274,0.963,0.659,0.135,0.0437,0.0564
69,classical,0.367,0.316,-14.49,0.927,0.779,0.113,0.0429,0.242
70,classical,0.096,0.0325,-24.978,0.977,0.852,0.0738,0.0416,0.035
71,classical,0.356,0.152,-20.155,0.981,0.903,0.0807,0.0406,0.04
72,classical,0.154,0.00261,-36.267,0.89,0.763,0.125,0.0419,0.0366
73,classical,0.339,0.0588,-17.647,0.984,0.862,0.12,0.0373,0.198
74,classical,0.458,0.11,-22.234,0.977,0.903,0.359,0.0309,0.481
75,classical,0.144,0.0868,-23.338,0.891,0.904,0.177,0.0387,0.0737
76,classical,0.352,0.235,-16.235,0.894,0.675,0.396,0.0398,0.329
77,classical,0.377,0.173,-21.377,0.991,0.909,0.103,0.0329,0.558
78,classical,0.496,0.249,-18.131,0.98,0.934,0.12,0.0411,0.719
79,classical,0.357,0.0464,-20.868,0.992,0.859,0.109,0.0434,0.0417
80,classical,0.0,0.0842,-19.397,0.755,0.889,0.262,0.0,0.0
81,classical,0.0716,0.0408,-28.284,0.851,0.901,0.0844,0.0399,0.0377
82,classical,0.302,0.0355,-24.074,0.932,0.304,0.043,0.0363,0.186
83,classical,0.411,0.0487,-25.68,0.985,0.918,0.0944,0.0383,0.101
84,classical,0.278,0.151,-19.607,0.917,0.122,0.273,0.042,0.167
85,classical,0.0999,0.0241,-25.651,0.98,0.766,0.0623,0.0432,0.0396
86,classical,0.0754,0.0102,-35.69,0.901,0.106,0.0817,0.0464,0.0331
87,classical,0.156,0.00709,-34.153,0.941,0.799,0.0986,0.0382,0.041
88,classical,0.169,0.0974,-21.414,0.864,0.632,0.087,0.042,0.0524
89,classical,0.203,0.0641,-27.51,0.972,0.94,0.101,0.0529,0.0978
90,classical,0.484,0.192,-15.378,0.991,0.908,0.106,0.0465,0.0559
91,classical,0.186,0.124,-15.271,0.978,0.865,0.111,0.0434,0.248
92,classical,0.203,0.112,-18.029,0.936,0.935,0.126,0.0418,0.0374
93,classical,0.093,0.0249,-20.74,0.513,0.805,0.0831,0.0463,0.0365
94,classical,0.156,0.0978,-16.326,0.976,0.893,0.0854,0.0371,0.0638
95,classical,0.364,0.0592,-21.757,0.978,0.0,0.0823,0.057,0.185
96,classical,0.343,0.0209,-27.015,0.987,0.922,0.126,0.0398,0.0393
97,classical,0.173,0.182,-18.848,0.886,0.894,0.224,0.0437,0.0781
98,classical,0.193,0.0656,-19.239,0.995,0.829,0.119,0.0471,0.0359
99,classical,0.384,0.0414,-23.019,0.992,0.897,0.0684,0.0378,0.0618
0,disco polo,0.699,0.916,-3.349,0.00216,0.000331,0.108,0.038,0.969
1,disco polo,0.783,0.885,-6.402,0.04,1.93e-06,0.123,0.326,0.84
2,disco polo,0.797,0.863,-5.48,0.209,0.0,0.33,0.13,0.78
3,disco polo,0.691,0.908,-4.64,0.018,0.0,0.102,0.149,0.777
4,disco polo,0.769,0.799,-4.609,0.0713,0.0,0.0841,0.0935,0.973
5,disco polo,0.743,0.829,-4.766,0.0102,0.0,0.198,0.0275,0.833
6,disco polo,0.78,0.845,-5.259,0.00861,0.00188,0.0435,0.0535,0.971
7,disco polo,0.86,0.914,-3.322,0.0334,0.0,0.112,0.16,0.964
8,disco polo,0.814,0.946,-4.317,0.0611,0.0,0.273,0.173,0.878
9,disco polo,0.689,0.802,-6.693,0.0514,0.0,0.376,0.275,0.873
10,disco polo,0.827,0.951,-3.767,0.0219,0.0,0.027,0.0678,0.904
11,disco polo,0.714,0.83,-4.616,0.108,0.0,0.351,0.112,0.947
12,disco polo,0.793,0.794,-5.774,0.151,0.0,0.307,0.138,0.958
13,disco polo,0.799,0.903,-3.372,0.0573,2.08e-05,0.273,0.106,0.644
14,disco polo,0.831,0.773,-8.246,0.188,0.0,0.0846,0.187,0.96
15,disco polo,0.778,0.688,-6.759,0.00184,0.0,0.153,0.152,0.965
16,disco polo,0.747,0.778,-7.034,0.108,0.0,0.0281,0.109,0.682
17,disco polo,0.653,0.868,-7.305,0.0301,0.00055,0.154,0.051,0.961
18,disco polo,0.859,0.771,-4.991,0.0253,0.0,0.0896,0.2,0.959
19,disco polo,0.777,0.936,-2.569,0.026,0.0,0.13,0.0627,0.706
20,disco polo,0.682,0.934,-4.693,0.0208,1.48e-06,0.373,0.0427,0.96
21,disco polo,0.627,0.964,-4.324,0.0522,0.0,0.302,0.0438,0.964
22,disco polo,0.723,0.583,-6.477,0.0294,0.0,0.401,0.244,0.881
23,disco polo,0.843,0.786,-2.097,0.0109,0.00176,0.521,0.152,0.963
24,disco polo,0.722,0.849,-5.027,0.0375,2.31e-05,0.335,0.0543,0.927
25,disco polo,0.802,0.885,-6.638,0.0323,0.0,0.143,0.0476,0.968
26,disco polo,0.772,0.853,-4.533,0.0386,0.0,0.196,0.209,0.891
27,disco polo,0.682,0.945,-5.656,0.0251,8.48e-06,0.342,0.127,0.88
28,disco polo,0.911,0.974,-4.459,0.165,0.0,0.165,0.0912,0.949
29,disco polo,0.798,0.86,-4.821,0.0873,0.0,0.154,0.204,0.861
30,disco polo,0.844,0.737,-7.398,0.0584,0.0,0.122,0.0405,0.954
31,disco polo,0.758,0.976,-2.915,0.157,2.24e-06,0.11,0.137,0.843
32,disco polo,0.663,0.952,-3.367,0.076,0.0,0.333,0.0985,0.827
33,disco polo,0.775,0.943,-4.668,0.0264,4.61e-05,0.331,0.0848,0.888
34,disco polo,0.719,0.937,-4.231,0.121,0.000106,0.113,0.0543,0.924
35,disco polo,0.693,0.961,-4.333,0.126,0.0,0.24,0.201,0.917
36,disco polo,0.76,0.806,-5.595,0.0176,0.0,0.377,0.0545,0.928
37,disco polo,0.758,0.907,-6.155,0.0604,0.0,0.191,0.0486,0.902
38,disco polo,0.728,0.935,-5.233,0.0233,0.0,0.423,0.0514,0.959
39,disco polo,0.825,0.883,-4.501,0.0241,0.0,0.31,0.0586,0.973
40,disco polo,0.84,0.976,-1.489,0.0866,0.0,0.204,0.0647,0.908
41,disco polo,0.733,0.934,-4.425,0.0254,8.64e-06,0.27,0.133,0.954
42,disco polo,0.847,0.897,-6.509,0.0508,5.5e-05,0.0387,0.104,0.969
43,disco polo,0.819,0.851,-4.538,0.0592,0.0,0.0743,0.0772,0.932
44,disco polo,0.707,0.921,-4.321,0.0709,0.0,0.362,0.0624,0.965
45,disco polo,0.829,0.886,-4.264,0.148,0.0,0.127,0.044,0.932
46,disco polo,0.774,0.897,-3.577,0.00914,2.72e-05,0.371,0.115,0.779
47,disco polo,0.725,0.94,-3.41,0.0198,3.25e-06,0.13,0.134,0.799
48,disco polo,0.842,0.883,-5.06,0.0058,0.0,0.0485,0.15,0.8
49,disco polo,0.736,0.876,-4.781,0.0131,0.0301,0.184,0.0571,0.964
50,disco polo,0.845,0.807,-5.76,0.00543,6.73e-06,0.25,0.227,0.799
51,disco polo,0.922,0.715,-5.796,0.000365,1.58e-06,0.0314,0.0491,0.917
52,disco polo,0.738,0.928,-3.549,0.02,2.21e-05,0.2,0.035,0.81
53,disco polo,0.713,0.823,-4.967,0.109,0.0,0.157,0.135,0.879
54,disco polo,0.877,0.823,-4.426,0.117,0.00094,0.115,0.0502,0.937
55,disco polo,0.561,0.84,-6.498,0.00238,0.0017,0.204,0.0341,0.897
56,disco polo,0.787,0.947,-4.523,0.0905,0.0,0.283,0.122,0.907
57,disco polo,0.733,0.888,-7.449,0.0378,4.16e-06,0.322,0.049,0.72
58,disco polo,0.755,0.947,-3.302,0.12,0.0,0.122,0.105,0.949
59,disco polo,0.641,0.915,-5.504,0.0713,1.83e-05,0.331,0.0409,0.865
60,disco polo,0.724,0.862,-6.099,0.0708,0.0,0.372,0.039,0.969
61,disco polo,0.425,0.945,-3.907,0.537,0.0,0.56,0.187,0.929
62,disco polo,0.834,0.908,-4.919,0.213,5.44e-06,0.789,0.21,0.962
63,disco polo,0.839,0.915,-5.43,0.0133,0.000581,0.202,0.151,0.965
64,disco polo,0.845,0.759,-7.947,0.183,0.000694,0.0805,0.132,0.807
65,disco polo,0.739,0.845,-5.423,0.382,0.0,0.0699,0.0754,0.915
66,disco polo,0.732,0.8,-5.822,0.00455,0.000195,0.2,0.0564,0.65
67,disco polo,0.698,0.896,-4.748,0.0576,0.0,0.352,0.0411,0.848
68,disco polo,0.88,0.888,-5.504,0.0243,0.00707,0.0659,0.0767,0.652
69,disco polo,0.78,0.927,-2.836,0.125,0.0,0.2,0.0958,0.971
70,disco polo,0.728,0.815,-4.55,0.186,0.0,0.109,0.0487,0.904
71,disco polo,0.837,0.849,-3.081,0.193,0.0,0.36,0.166,0.851
72,disco polo,0.56,0.942,-4.555,0.00766,0.000498,0.148,0.0793,0.875
73,disco polo,0.641,0.932,-5.28,0.0126,7.86e-06,0.0832,0.0397,0.929
74,disco polo,0.738,0.857,-4.099,0.12,0.0,0.0615,0.0427,0.963
75,disco polo,0.807,0.867,-6.166,0.309,0.0,0.0574,0.0544,0.897
76,disco polo,0.797,0.792,-5.069,0.00115,0.000168,0.0372,0.0595,0.972
77,disco polo,0.684,0.776,-8.242,0.0673,0.0,0.394,0.0514,0.576
78,disco polo,0.627,0.908,-4.153,0.0115,0.0,0.0801,0.0645,0.785
79,disco polo,0.767,0.757,-4.298,0.189,1.99e-06,0.204,0.157,0.887
80,disco polo,0.853,0.919,-6.337,0.0763,3.22e-05,0.047,0.0428,0.825
81,disco polo,0.697,0.851,-6.036,0.0404,3.84e-05,0.142,0.0337,0.188
82,disco polo,0.856,0.836,-6.304,0.00913,0.000113,0.358,0.164,0.91
83,disco polo,0.816,0.809,-4.755,0.0201,0.0,0.049,0.0641,0.961
84,disco polo,0.603,0.848,-5.27,0.00466,0.0,0.0687,0.102,0.666
85,disco polo,0.819,0.884,-6.053,0.0301,4.56e-06,0.392,0.0541,0.966
86,disco polo,0.847,0.854,-4.432,0.0698,0.0,0.128,0.0591,0.975
87,disco polo,0.781,0.822,-5.108,0.134,0.0,0.12,0.2,0.884
88,disco polo,0.694,0.969,-4.875,0.112,0.0,0.339,0.13,0.81
89,disco polo,0.777,0.883,-3.712,0.0165,0.0,0.225,0.042,0.934
90,disco polo,0.795,0.875,-5.905,0.0312,0.00019,0.106,0.199,0.941
91,disco polo,0.77,0.885,-7.294,0.00464,0.058,0.0946,0.0381,0.861
92,disco polo,0.8,0.782,-5.469,0.000717,0.0192,0.285,0.0482,0.637
93,disco polo,0.488,0.944,-4.675,0.00136,0.0,0.339,0.0878,0.763
94,disco polo,0.689,0.889,-6.076,0.00223,3.68e-05,0.284,0.034,0.795
95,disco polo,0.798,0.859,-6.478,0.0106,0.0,0.112,0.0482,0.963
96,disco polo,0.788,0.715,-4.649,0.0834,0.0,0.117,0.192,0.871
97,disco polo,0.704,0.899,-3.842,0.0657,0.0,0.111,0.142,0.498
98,disco polo,0.524,0.962,-2.756,0.0237,0.0,0.226,0.151,0.834
99,disco polo,0.551,0.726,-5.762,0.514,0.0,0.377,0.0333,0.516
0,r&b,0.527,0.432,-10.104,0.252,0.000234,0.109,0.0298,0.145
1,r&b,0.768,0.39,-12.704,0.625,0.0,0.122,0.0616,0.427
2,r&b,0.688,0.564,-6.843,0.12,0.0,0.0959,0.048,0.478
3,r&b,0.652,0.646,-7.227,0.423,0.0,0.154,0.214,0.566
4,r&b,0.604,0.368,-11.665,0.153,0.0,0.0915,0.342,0.11
5,r&b,0.517,0.302,-13.296,0.799,0.0405,0.0912,0.0439,0.122
6,r&b,0.788,0.439,-9.239,0.152,0.528,0.151,0.0404,0.314
7,r&b,0.682,0.355,-16.349,0.48,0.108,0.159,0.0473,0.318
8,r&b,0.333,0.343,-11.021,0.306,8.72e-05,0.101,0.159,0.146
9,r&b,0.37,0.357,-7.984,0.679,1.99e-06,0.128,0.0422,0.0378
10,r&b,0.708,0.446,-10.66,0.225,0.000659,0.101,0.159,0.251
11,r&b,0.847,0.468,-11.957,0.145,0.0,0.113,0.0969,0.354
12,r&b,0.573,0.542,-11.746,0.619,0.0,0.163,0.114,0.297
13,r&b,0.864,0.537,-8.471,0.393,0.169,0.118,0.0514,0.661
14,r&b,0.776,0.614,-8.059,0.425,1.09e-06,0.229,0.341,0.797
15,r&b,0.561,0.512,-8.153,0.222,3.75e-05,0.607,0.0605,0.0692
16,r&b,0.775,0.449,-12.572,0.193,6.21e-06,0.0981,0.247,0.216
17,r&b,0.56,0.406,-13.48,0.608,0.0,0.111,0.0974,0.325
18,r&b,0.74,0.593,-7.947,0.356,0.0,0.249,0.0515,0.654
19,r&b,0.598,0.405,-12.768,0.105,0.0,0.165,0.0578,0.117
20,r&b,0.521,0.715,-6.327,0.691,0.0,0.233,0.0911,0.486
21,r&b,0.602,0.677,-6.57,0.11,0.0,0.0831,0.27,0.62
22,r&b,0.68,0.591,-11.976,0.187,7.89e-06,0.0905,0.444,0.365
23,r&b,0.706,0.604,-4.427,0.539,0.0,0.16,0.0547,0.248
24,r&b,0.526,0.602,-9.432,0.00984,0.0347,0.0796,0.0783,0.169
25,r&b,0.85,0.777,-7.497,0.116,0.00498,0.379,0.139,0.588
26,r&b,0.661,0.325,-5.384,0.776,0.0,0.118,0.027,0.261
27,r&b,0.591,0.276,-14.845,0.208,0.0216,0.23,0.0975,0.21
28,r&b,0.413,0.525,-10.222,0.156,0.000263,0.18,0.0604,0.42
29,r&b,0.71,0.556,-7.464,0.0303,0.33,0.241,0.0452,0.749
30,r&b,0.7,0.599,-6.956,0.515,1.25e-06,0.148,0.0396,0.814
31,r&b,0.732,0.495,-8.346,0.217,0.0,0.0562,0.119,0.779
32,r&b,0.555,0.652,-6.265,0.188,4.58e-06,0.248,0.0497,0.704
33,r&b,0.368,0.362,-10.452,0.565,0.00208,0.273,0.0994,0.194
34,r&b,0.586,0.808,-6.074,0.346,1.52e-06,0.15,0.141,0.365
35,r&b,0.683,0.121,-15.77,0.491,0.0742,0.103,0.0594,0.124
36,r&b,0.66,0.317,-5.799,0.969,0.0,0.092,0.039,0.512
37,r&b,0.877,0.505,-5.906,0.527,0.0,0.131,0.0592,0.564
38,r&b,0.775,0.446,-9.182,0.728,0.0679,0.1,0.231,0.74
39,r&b,0.723,0.585,-7.996,0.13,0.000835,0.33,0.151,0.691
40,r&b,0.822,0.431,-7.35,0.304,0.0113,0.0732,0.151,0.593
41,r&b,0.737,0.829,-3.222,0.138,0.0,0.106,0.0346,0.885
42,r&b,0.471,0.632,-9.367,0.758,0.000182,0.114,0.244,0.48
43,r&b,0.779,0.401,-11.519,0.411,0.0358,0.306,0.0581,0.332
44,r&b,0.634,0.438,-9.325,0.182,0.00552,0.127,0.311,0.33
45,r&b,0.854,0.303,-9.281,0.766,0.0,0.103,0.267,0.688
46,r&b,0.903,0.413,-9.07,0.0136,0.662,0.0977,0.0576,0.717
47,r&b,0.739,0.536,-6.501,0.00368,0.0,0.0968,0.0587,0.193
48,r&b,0.645,0.418,-10.065,0.558,0.0003,0.562,0.29,0.123
49,r&b,0.84,0.344,-8.613,0.456,3.36e-05,0.35,0.0374,0.526
50,r&b,0.71,0.578,-5.84,0.0163,0.0,0.246,0.0604,0.512
51,r&b,0.646,0.335,-9.915,0.626,1.3e-05,0.107,0.247,0.419
52,r&b,0.681,0.586,-8.324,0.169,0.0,0.0924,0.058,0.604
53,r&b,0.704,0.445,-5.462,0.0599,0.0,0.096,0.0444,0.276
54,r&b,0.689,0.444,-7.783,0.0739,0.0,0.133,0.0685,0.409
55,r&b,0.574,0.511,-8.366,0.375,0.0,0.111,0.172,0.493
56,r&b,0.731,0.338,-11.774,0.186,7.33e-05,0.115,0.102,0.0607
57,r&b,0.784,0.416,-9.231,0.0546,2.16e-05,0.112,0.102,0.259
58,r&b,0.759,0.413,-7.282,0.7,0.0,0.14,0.0494,0.403
59,r&b,0.641,0.355,-10.599,0.831,0.000855,0.11,0.0906,0.453
60,r&b,0.693,0.573,-7.652,0.0142,0.0,0.0372,0.22,0.457
61,r&b,0.858,0.317,-14.257,0.231,0.000488,0.0966,0.0881,0.177
62,r&b,0.344,0.537,-8.215,0.0727,0.000127,0.225,0.079,0.453
63,r&b,0.425,0.442,-9.72,0.655,7.55e-06,0.33,0.174,0.446
64,r&b,0.69,0.465,-11.348,0.214,0.0,0.0959,0.263,0.447
65,r&b,0.38,0.281,-13.104,0.847,0.000875,0.105,0.169,0.265
66,r&b,0.474,0.681,-3.473,0.0263,4.27e-05,0.0972,0.038,0.0384
67,r&b,0.51,0.624,-5.977,0.0105,0.0,0.102,0.16,0.575
68,r&b,0.69,0.377,-7.907,0.672,1.06e-06,0.106,0.0793,0.18
69,r&b,0.584,0.306,-8.401,0.52,0.0,0.12,0.0271,0.096
70,r&b,0.287,0.315,-9.745,0.779,1.72e-06,0.114,0.0586,0.238
71,r&b,0.387,0.296,-11.452,0.775,0.00018,0.11,0.0698,0.114
72,r&b,0.679,0.516,-6.371,0.199,0.0,0.0965,0.0452,0.716
73,r&b,0.749,0.463,-8.433,0.21,0.0382,0.338,0.0842,0.189
74,r&b,0.425,0.463,-7.61,0.0475,3.19e-05,0.101,0.0537,0.191
75,r&b,0.436,0.655,-8.37,0.499,8.1e-06,0.688,0.0583,0.412
76,r&b,0.849,0.707,-6.002,0.0266,8.58e-06,0.618,0.113,0.602
77,r&b,0.864,0.477,-5.786,0.201,0.0,0.182,0.224,0.5
78,r&b,0.505,0.822,-4.936,0.0454,0.0,0.11,0.439,0.516
79,r&b,0.654,0.521,-6.985,0.213,0.0,0.0684,0.0717,0.223
80,r&b,0.42,0.419,-9.189,0.429,0.0,0.486,0.0485,0.11
81,r&b,0.766,0.283,-10.33,0.111,0.0172,0.115,0.0846,0.144
82,r&b,0.45,0.352,-11.733,0.649,3.8e-06,0.249,0.267,0.408
83,r&b,0.505,0.513,-6.962,0.0834,0.0,0.0909,0.375,0.318
84,r&b,0.443,0.519,-9.337,0.0989,2.33e-05,0.0919,0.246,0.24
85,r&b,0.74,0.465,-8.27,0.304,0.00404,0.101,0.0411,0.276
86,r&b,0.761,0.536,-7.487,0.0754,0.0,0.154,0.119,0.525
87,r&b,0.791,0.366,-8.337,0.744,7.24e-06,0.106,0.0966,0.335
88,r&b,0.809,0.504,-3.201,0.00156,0.0,0.0856,0.15,0.525
89,r&b,0.796,0.669,-5.524,0.214,0.0,0.117,0.0714,0.78
90,r&b,0.555,0.507,-6.099,0.25,0.0,0.283,0.167,0.339
91,r&b,0.828,0.621,-6.414,0.0164,0.00233,0.0845,0.0565,0.436
92,r&b,0.502,0.693,-4.095,0.0138,0.0,0.111,0.0923,0.323
93,r&b,0.499,0.695,-9.452,0.333,2.85e-06,0.659,0.113,0.235
94,r&b,0.518,0.69,-6.15,0.128,0.0,0.176,0.107,0.59
95,r&b,0.736,0.68,-8.892,0.0131,0.0371,0.209,0.0903,0.21
96,r&b,0.707,0.618,-5.825,0.17,0.0,0.293,0.19,0.517
97,r&b,0.438,0.54,-9.456,0.223,0.0,0.141,0.0519,0.389
98,r&b,0.874,0.348,-9.643,0.339,8.6e-06,0.116,0.0767,0.151
99,r&b,0.77,0.611,-7.454,0.00169,0.0135,0.111,0.0348,0.896
0,punk,0.284,0.849,-8.767,0.00781,0.24,0.0799,0.15,0.329
1,punk,0.149,0.958,-4.671,0.00186,0.000136,0.352,0.0949,0.445
2,punk,0.417,0.915,-6.039,0.00541,2.8e-06,0.0929,0.0622,0.357
3,punk,0.627,0.796,-6.296,0.00295,4.96e-06,0.0459,0.0687,0.6
4,punk,0.3,0.963,-4.194,0.0163,0.0,0.203,0.112,0.612
5,punk,0.529,0.933,-5.483,0.000215,1.54e-06,0.0706,0.141,0.553
6,punk,0.382,0.956,-9.163,0.000253,0.0752,0.115,0.116,0.43
7,punk,0.53,0.8,-7.242,0.000154,0.00303,0.415,0.0303,0.578
8,punk,0.511,0.991,-2.914,3.42e-05,0.111,0.277,0.0841,0.548
9,punk,0.242,0.846,-7.629,0.00052,0.0,0.055,0.14,0.393
10,punk,0.325,0.928,-5.85,4.42e-05,0.000452,0.0867,0.0751,0.488
11,punk,0.588,0.807,-5.662,0.0656,0.0,0.0945,0.038,0.917
12,punk,0.598,0.762,-8.386,0.537,0.0,0.324,0.0396,0.686
13,punk,0.656,0.769,-5.762,0.00126,0.0,0.0645,0.0338,0.807
14,punk,0.654,0.842,-6.503,0.148,7.67e-05,0.232,0.0387,0.9
15,punk,0.384,0.906,-6.474,0.0902,0.0,0.363,0.258,0.81
16,punk,0.483,0.986,-5.916,0.00049,0.0,0.318,0.0763,0.355
17,punk,0.275,0.907,-5.488,0.0618,0.0,0.119,0.122,0.321
18,punk,0.342,0.941,-5.358,0.000626,1.19e-05,0.425,0.197,0.737
19,punk,0.26,0.895,-5.992,0.00112,0.0191,0.0525,0.0998,0.59
20,punk,0.529,0.773,-6.639,0.294,0.000224,0.112,0.0327,0.429
21,punk,0.521,0.938,-1.909,0.084,0.0,0.104,0.266,0.549
22,punk,0.232,0.877,-6.384,0.00383,0.0,0.304,0.0432,0.81
23,punk,0.442,0.729,-4.784,0.000209,0.0,0.239,0.0284,0.608
24,punk,0.535,0.83,-9.741,0.00046,0.0754,0.058,0.0385,0.65
25,punk,0.354,0.912,-5.329,9.18e-05,0.0,0.0986,0.095,0.345
26,punk,0.45,0.926,-7.967,0.00876,0.0,0.483,0.112,0.724
27,punk,0.387,0.979,-2.215,0.0278,0.0,0.07,0.209,0.426
28,punk,0.397,0.979,-2.805,0.000749,0.0656,0.164,0.128,0.485
29,punk,0.653,0.971,-2.873,0.00214,0.0,0.303,0.12,0.696
30,punk,0.325,0.904,-7.711,0.00614,1.06e-06,0.32,0.292,0.361
31,punk,0.34,0.846,-7.128,0.000386,0.000175,0.301,0.0502,0.529
32,punk,0.41,0.897,-11.745,0.000162,0.00461,0.225,0.0662,0.437
33,punk,0.293,0.933,-7.271,9.71e-06,0.509,0.271,0.103,0.68
34,punk,0.463,0.936,-6.347,0.16,0.0,0.253,0.1,0.898
35,punk,0.536,0.838,-6.786,0.000255,8.81e-05,0.174,0.0418,0.75
36,punk,0.518,0.864,-5.933,0.15,0.0176,0.74,0.0456,0.645
37,punk,0.44,0.932,-5.655,0.000352,0.0,0.254,0.0973,0.62
38,punk,0.213,0.917,-4.662,0.00535,0.0,0.0851,0.101,0.388
39,punk,0.734,0.73,-8.148,0.108,0.0,0.0336,0.0444,0.865
40,punk,0.383,0.951,-4.632,0.00127,0.00049,0.0685,0.0971,0.795
41,punk,0.277,0.949,-4.322,0.000168,0.0,0.303,0.0497,0.663
42,punk,0.362,0.981,-5.041,0.0118,0.0,0.293,0.0808,0.477
43,punk,0.491,0.929,-4.206,0.00698,0.000105,0.238,0.0501,0.797
44,punk,0.519,0.847,-6.95,0.000322,0.519,0.0856,0.0309,0.813
45,punk,0.473,0.897,-10.658,0.00898,0.649,0.0487,0.0538,0.511
46,punk,0.569,0.922,-7.5,0.0856,3.15e-05,0.0558,0.085,0.894
47,punk,0.565,0.845,-5.874,0.0116,0.00059,0.0607,0.0612,0.819
48,punk,0.166,0.805,-8.844,3.36e-06,0.782,0.19,0.0448,0.883
49,punk,0.518,0.992,-4.926,0.00118,1.17e-06,0.33,0.104,0.412
50,punk,0.494,0.908,-3.887,0.000399,0.0,0.126,0.0302,0.825
51,punk,0.418,0.841,-8.149,0.0192,0.0,0.0596,0.128,0.791
52,punk,0.455,0.913,-5.535,0.00394,0.0,0.371,0.073,0.884
53,punk,0.357,0.869,-5.813,0.00567,0.00115,0.112,0.0352,0.878
54,punk,0.437,0.991,-3.699,0.000934,1.06e-06,0.315,0.0923,0.347
55,punk,0.562,0.897,-4.891,0.000964,0.0,0.0761,0.0909,0.843
56,punk,0.504,0.878,-11.318,0.0054,0.0231,0.0599,0.043,0.732
57,punk,0.581,0.682,-6.77,0.0612,0.0,0.0345,0.0568,0.872
58,punk,0.443,0.972,-4.071,0.00485,0.0,0.0993,0.045,0.836
59,punk,0.508,0.985,-2.916,0.0105,0.0,0.178,0.132,0.477
60,punk,0.4,0.631,-8.096,0.204,0.000125,0.0814,0.0549,0.436
61,punk,0.556,0.919,-6.229,0.0155,1.49e-06,0.168,0.0934,0.82
62,punk,0.55,0.799,-7.003,0.0843,0.0,0.104,0.11,0.769
63,punk,0.397,0.942,-6.498,0.00836,0.499,0.138,0.107,0.6
64,punk,0.155,0.976,-2.951,0.0514,0.0,0.0842,0.24,0.559
65,punk,0.597,0.872,-4.51,0.00138,1.35e-06,0.109,0.0769,0.751
66,punk,0.472,0.896,-4.792,8.87e-05,6.27e-06,0.216,0.0568,0.756
67,punk,0.183,0.899,-4.065,0.00703,0.0,0.292,0.0472,0.658
68,punk,0.392,0.951,-5.829,0.00788,0.0,0.0711,0.0877,0.738
69,punk,0.447,0.957,-2.6,0.0464,0.0,0.0649,0.202,0.536
70,punk,0.491,0.805,-4.381,0.132,0.00804,0.177,0.0468,0.416
71,punk,0.703,0.927,-5.796,0.0224,0.00266,0.0279,0.0893,0.93
72,punk,0.561,0.819,-4.944,0.000679,0.0,0.279,0.0604,0.67
73,punk,0.336,0.913,-5.407,0.000203,1.5e-05,0.0965,0.0432,0.535
74,punk,0.312,0.893,-6.752,0.000188,0.000649,0.415,0.0522,0.714
75,punk,0.611,0.861,-5.264,0.00362,0.0,0.373,0.0512,0.841
76,punk,0.413,0.925,-4.687,0.0228,0.0,0.25,0.0969,0.602
77,punk,0.535,0.849,-4.781,0.1,0.000109,0.095,0.0662,0.729
78,punk,0.614,0.886,-5.449,0.115,4.94e-06,0.118,0.0519,0.925
79,punk,0.332,0.961,-5.307,0.00995,0.0,0.206,0.0638,0.646
80,punk,0.191,0.905,-4.281,0.000357,1.4e-06,0.155,0.0546,0.61
81,punk,0.371,0.952,-5.403,0.341,0.0,0.296,0.104,0.332
82,punk,0.527,0.905,-5.937,0.0289,0.0,0.312,0.0612,0.663
83,punk,0.282,0.984,-5.487,0.126,0.000134,0.457,0.185,0.108
84,punk,0.288,0.993,-7.713,0.000567,0.000627,0.314,0.0671,0.409
85,punk,0.439,0.92,-4.974,0.236,0.0,0.288,0.0596,0.625
86,punk,0.323,0.926,-4.666,0.000557,4.99e-06,0.228,0.15,0.637
87,punk,0.257,0.805,-7.653,5.81e-05,0.389,0.273,0.0951,0.833
88,punk,0.289,0.881,-6.072,0.000436,0.153,0.115,0.0681,0.396
89,punk,0.188,0.955,-3.987,0.00413,1.72e-05,0.903,0.101,0.269
90,punk,0.318,0.831,-8.352,0.000194,0.0369,0.497,0.0528,0.619
91,punk,0.541,0.886,-5.279,0.00152,0.000234,0.123,0.033,0.479
92,punk,0.676,0.492,-12.546,0.00187,0.0747,0.336,0.0364,0.854
93,punk,0.713,0.639,-9.11,0.199,0.16,0.116,0.0235,0.754
94,punk,0.662,0.703,-4.023,0.0177,2.64e-06,0.057,0.0389,0.851
95,punk,0.446,0.651,-9.246,0.0309,0.0159,0.279,0.0954,0.653
96,punk,0.512,0.926,-4.899,0.000864,1.05e-05,0.234,0.0426,0.769
97,punk,0.381,0.934,-5.485,0.0047,0.0,0.1,0.065,0.523
98,punk,0.224,0.821,-5.404,0.000378,0.0,0.558,0.0468,0.306
99,punk,0.535,0.937,-3.355,0.00694,0.0,0.138,0.0991,0.351
0,pop,0.601,0.741,-5.569,0.185,2.91e-05,0.415,0.0478,0.441
1,pop,0.714,0.442,-5.909,0.742,0.0,0.114,0.0605,0.546
2,pop,0.595,0.759,-4.245,0.141,0.0,0.172,0.0423,0.515
3,pop,0.776,0.808,-4.501,0.0297,0.000127,0.103,0.117,0.494
4,pop,0.621,0.747,-5.084,0.222,0.000194,0.147,0.0337,0.426
5,pop,0.559,0.559,-6.425,0.0145,0.0,0.138,0.0358,0.338
6,pop,0.518,0.683,-5.295,0.346,0.0,0.311,0.0364,0.304
7,pop,0.69,0.626,-5.693,0.105,0.000335,0.0881,0.306,0.912
8,pop,0.714,0.802,-5.339,0.0557,0.0,0.0664,0.0382,0.882
9,pop,0.658,0.634,-5.797,0.0106,0.0,0.132,0.0413,0.29
10,pop,0.614,0.644,-5.372,0.0134,7.07e-06,0.117,0.0426,0.651
11,pop,0.654,0.636,-6.913,0.117,0.00179,0.0919,0.0391,0.392
12,pop,0.562,0.379,-7.625,0.526,0.0,0.151,0.231,0.258
13,pop,0.641,0.551,-6.165,0.147,0.0,0.12,0.0532,0.417
14,pop,0.462,0.745,-6.588,0.0367,0.0,0.0795,0.0699,0.254
15,pop,0.65,0.388,-7.065,0.306,0.0,0.114,0.0332,0.628
16,pop,0.333,0.637,-4.904,0.131,1.8e-05,0.149,0.0581,0.132
17,pop,0.645,0.475,-8.775,0.726,0.00029,0.263,0.07,0.463
18,pop,0.65,0.825,-4.645,0.0215,2.44e-05,0.0936,0.0325,0.593
19,pop,0.392,0.574,-9.195,0.833,0.00179,0.145,0.17,0.529
20,pop,0.713,0.676,-5.483,0.0377,0.0,0.154,0.027,0.721
21,pop,0.607,0.418,-6.997,0.394,0.0,0.182,0.0363,0.386
22,pop,0.604,0.366,-7.519,0.578,0.0,0.133,0.0282,0.13
23,pop,0.591,0.764,-5.484,0.0383,0.0,0.103,0.0483,0.478
24,pop,0.686,0.538,-8.026,0.181,3.13e-06,0.113,0.0345,0.584
25,pop,0.592,0.342,-8.93,0.193,0.00245,0.11,0.0339,0.155
26,pop,0.665,0.628,-6.297,0.00502,2.02e-05,0.0947,0.026,0.551
27,pop,0.791,0.439,-5.62,0.302,1.85e-05,0.126,0.0645,0.559
28,pop,0.456,0.615,-5.454,0.614,0.0,0.0908,0.0529,0.416
29,pop,0.675,0.523,-7.598,0.761,3.17e-06,0.109,0.0444,0.376
30,pop,0.755,0.689,-4.463,0.0693,0.0,0.394,0.0305,0.638
31,pop,0.398,0.286,-11.881,0.616,0.000146,0.0912,0.033,0.0666
32,pop,0.306,0.74,-4.521,0.232,0.0,0.0892,0.0532,0.314
33,pop,0.775,0.673,-7.704,0.218,0.0,0.074,0.0423,0.71
34,pop,0.588,0.701,-6.39,0.00813,0.0,0.2,0.0402,0.443
35,pop,0.682,0.363,-10.837,0.699,3e-05,0.363,0.0261,0.203
36,pop,0.872,0.52,-6.928,0.715,0.0,0.0982,0.0618,0.736
37,pop,0.422,0.34,-6.577,0.877,1.77e-05,0.149,0.0351,0.223
38,pop,0.394,0.398,-10.202,0.573,0.0,0.313,0.219,0.361
39,pop,0.397,0.413,-7.701,0.477,0.0,0.0835,0.0342,0.492
40,pop,0.766,0.706,-6.553,0.223,0.00028,0.064,0.16,0.766
41,pop,0.547,0.703,-6.287,0.0776,1.81e-06,0.1,0.0278,0.385
42,pop,0.576,0.679,-7.237,0.0311,0.0,0.323,0.034,0.213
43,pop,0.54,0.833,-4.266,0.0179,0.000126,0.173,0.0312,0.649
44,pop,0.601,0.787,-6.178,0.0492,0.0,0.142,0.031,0.525
45,pop,0.783,0.435,-7.78,0.282,0.0,0.0833,0.0588,0.512
46,pop,0.43,0.689,-6.039,0.154,0.0,0.282,0.181,0.299
47,pop,0.704,0.778,-5.331,0.00447,0.0,0.0731,0.0971,0.821
48,pop,0.391,0.335,-10.064,0.389,0.0,0.102,0.0763,0.116
49,pop,0.619,0.736,-7.651,0.0328,0.0,0.0864,0.0425,0.299
50,pop,0.763,0.661,-5.592,0.169,0.0,0.117,0.056,0.632
51,pop,0.709,0.666,-7.306,0.231,7.93e-06,0.105,0.123,0.502
52,pop,0.386,0.426,-6.642,0.807,0.0,0.14,0.0363,0.261
53,pop,0.9,0.389,-8.805,0.603,2.24e-06,0.0975,0.045,0.546
54,pop,0.617,0.38,-9.275,0.018,0.0,0.112,0.0361,0.192
55,pop,0.734,0.615,-8.519,0.0966,3.15e-06,0.122,0.0562,0.289
56,pop,0.493,0.858,-5.481,0.0115,1.3e-06,0.292,0.0641,0.391
57,pop,0.654,0.434,-11.163,0.837,0.0,0.216,0.0665,0.223
58,pop,0.429,0.214,-12.261,0.897,0.0,0.105,0.242,0.189
59,pop,0.601,0.741,-5.981,0.0467,0.0,0.244,0.127,0.71
60,pop,0.756,0.697,-6.377,0.182,0.0,0.333,0.0401,0.956
61,pop,0.673,0.729,-5.664,0.000983,0.000107,0.226,0.029,0.482
62,pop,0.593,0.503,-5.635,0.112,0.0,0.331,0.0652,0.278
63,pop,0.737,0.846,-4.51,0.00614,0.0,0.0486,0.22,0.546
64,pop,0.566,0.581,-5.181,0.216,0.0,0.0853,0.043,0.152
65,pop,0.528,0.309,-7.398,0.924,2.1e-06,0.282,0.0329,0.307
66,pop,0.648,0.724,-5.189,0.0198,0.0,0.15,0.0263,0.382
67,pop,0.696,0.488,-8.398,0.273,0.0,0.594,0.0489,0.425
68,pop,0.655,0.469,-6.257,0.173,0.0,0.0956,0.0292,0.467
69,pop,0.769,0.724,-5.12,0.548,0.0,0.161,0.0864,0.464
70,pop,0.61,0.488,-6.918,0.817,0.0,0.312,0.0293,0.443
71,pop,0.38,0.339,-7.885,0.691,0.0,0.12,0.0338,0.0849
72,pop,0.768,0.716,-5.11,0.35,0.0,0.15,0.0404,0.841
73,pop,0.581,0.519,-6.649,0.0137,6.86e-05,0.0808,0.0946,0.267
74,pop,0.511,0.466,-5.927,0.583,0.0,0.117,0.0298,0.278
75,pop,0.497,0.757,-4.189,0.0449,0.0,0.119,0.127,0.507
76,pop,0.661,0.517,-7.74,0.223,0.0,0.116,0.0406,0.241
77,pop,0.686,0.738,-5.802,0.0703,0.0,0.0505,0.287,0.45
78,pop,0.355,0.411,-7.117,0.613,1.74e-06,0.149,0.0516,0.401
79,pop,0.501,0.556,-5.628,0.361,0.000133,0.115,0.0266,0.165
80,pop,0.608,0.547,-8.151,0.131,0.0,0.0974,0.0368,0.108
81,pop,0.442,0.517,-7.807,0.0699,0.0,0.114,0.0548,0.2
82,pop,0.565,0.272,-4.747,0.802,0.0,0.111,0.032,0.331
83,pop,0.652,0.472,-8.084,0.158,0.0,0.121,0.0399,0.24
84,pop,0.508,0.378,-7.158,0.516,0.0,0.119,0.0473,0.161
85,pop,0.52,0.204,-12.488,0.733,2.53e-05,0.126,0.0355,0.274
86,pop,0.44,0.528,-7.809,0.0171,0.00203,0.234,0.0317,0.132
87,pop,0.717,0.734,-5.712,0.28,0.000101,0.147,0.0426,0.894
88,pop,0.626,0.453,-9.295,0.816,1.91e-06,0.0904,0.0306,0.494
89,pop,0.603,0.473,-7.23,0.616,0.0,0.31,0.0511,0.446
90,pop,0.667,0.438,-7.515,0.041,0.0,0.279,0.0437,0.232
91,pop,0.5,0.156,-11.472,0.87,0.0,0.125,0.0469,0.405
92,pop,0.765,0.393,-9.616,0.633,0.0,0.142,0.0311,0.224
93,pop,0.518,0.318,-11.727,0.875,4.21e-06,0.13,0.0749,0.227
94,pop,0.761,0.525,-6.9,0.44,6.7e-06,0.0921,0.0944,0.531
95,pop,0.694,0.822,-5.266,0.0703,1.18e-06,0.0977,0.233,0.356
96,pop,0.485,0.484,-7.036,0.62,0.0,0.114,0.0617,0.282
97,pop,0.667,0.718,-2.848,0.247,0.0,0.102,0.045,0.357
98,pop,0.658,0.74,-6.631,0.0992,0.0,0.186,0.0331,0.285
99,pop,0.562,0.252,-9.479,0.864,0.0,0.18,0.0273,0.206
