No.,genre,danceability,energy,loudness,acousticness,instrumentalness,liveness,speechiness
0,pop,0.714,0.728,-4.595,0.298,0.0,0.106,0.0468
1,pop,0.693,0.643,-5.867,0.138,0.0,0.108,0.0828
2,pop,0.795,0.739,-5.204,0.0101,0.00278,0.109,0.0591
3,pop,0.566,0.664,-5.303,0.634,0.0,0.116,0.0464
4,pop,0.776,0.78,-4.374,0.0622,0.0,0.081,0.128
5,pop,0.53,0.835,-3.69,0.0453,0.0,0.0637,0.11
6,pop,0.706,0.841,-3.956,7.95e-05,0.0,0.0688,0.0418
7,pop,0.751,0.783,-3.724,0.00379,0.0,0.036,0.0859
8,pop,0.421,0.791,-4.998,0.0117,1.48e-05,0.146,0.0496
9,pop,0.652,0.557,-5.714,0.74,0.0,0.124,0.0318
10,pop,0.449,0.585,-6.761,0.0509,8.75e-05,0.0833,0.0268
11,pop,0.72,0.791,-4.689,0.0384,0.0,0.157,0.124
12,pop,0.734,0.637,-5.677,0.0462,2.29e-05,0.0602,0.141
13,pop,0.703,0.444,-9.331,0.559,0.0,0.0973,0.0417
14,pop,0.739,0.586,-5.079,0.0245,0.000252,0.308,0.0472
15,pop,0.351,0.296,-10.109,0.934,0.0,0.095,0.0333
16,pop,0.486,0.617,-7.115,0.0954,3.23e-06,0.109,0.0287
17,pop,0.702,0.825,-3.787,0.00883,0.0,0.0674,0.0601
18,pop,0.509,0.538,-7.335,0.385,0.0,0.104,0.0572
19,pop,0.756,0.697,-6.377,0.182,0.0,0.333,0.0401
20,pop,0.671,0.636,-8.117,0.515,0.000411,0.172,0.103
21,pop,0.6,0.939,-1.794,0.0666,6.18e-06,0.34,0.19
22,pop,0.741,0.691,-7.395,0.0221,0.0,0.0476,0.0672
23,pop,0.52,0.731,-5.338,0.342,0.00101,0.311,0.0557
24,pop,0.475,0.37,-7.725,0.819,0.0577,0.0841,0.0361
25,pop,0.572,0.385,-6.362,0.371,0.0,0.231,0.0308
26,pop,0.667,0.373,-9.389,0.785,0.0,0.0906,0.05
27,pop,0.679,0.587,-7.015,0.141,6.35e-06,0.137,0.276
28,pop,0.563,0.664,-5.044,0.335,0.0,0.0849,0.154
29,pop,0.734,0.766,-4.485,0.025,0.00138,0.108,0.0383
30,pop,0.681,0.372,-8.237,0.64,0.0,0.169,0.0432
31,pop,0.615,0.534,-6.719,0.106,1.76e-05,0.0607,0.0386
32,pop,0.655,0.819,-4.852,0.000176,0.00374,0.104,0.0316
33,pop,0.601,0.271,-8.688,0.937,0.0,0.144,0.0403
34,pop,0.581,0.963,-4.087,0.0295,0.0,0.139,0.0981
35,pop,0.583,0.61,-5.639,0.00425,0.000105,0.14,0.0382
36,pop,0.576,0.593,-6.024,0.0467,0.000767,0.237,0.0306
37,pop,0.664,0.609,-6.509,0.304,0.0,0.0926,0.0707
38,pop,0.699,0.76,-3.173,0.00223,0.0,0.132,0.0677
39,pop,0.694,0.712,-3.923,0.132,0.0,0.211,0.046
40,pop,0.532,0.783,-5.697,0.0038,0.0012,0.161,0.0523
41,pop,0.76,0.703,-5.412,0.103,0.0,0.0913,0.054
42,pop,0.728,0.697,-4.125,0.0556,0.0,0.282,0.0456
43,pop,0.584,0.408,-7.356,0.476,0.0,0.18,0.0461
44,pop,0.788,0.859,-2.724,0.281,0.0,0.0424,0.0856
45,pop,0.556,0.319,-8.251,0.893,0.0,0.0996,0.0281
46,pop,0.544,0.786,-2.97,0.00991,0.0,0.169,0.0501
47,pop,0.791,0.862,-3.24,0.037,2.19e-05,0.0814,0.11
48,pop,0.764,0.705,-3.463,0.259,8.92e-05,0.12,0.0284
49,pop,0.591,0.764,-5.484,0.0383,0.0,0.103,0.0483
0,rock,0.419,0.383,-11.782,0.0724,0.0176,0.0896,0.0256
1,rock,0.679,0.866,-6.053,0.00376,3.1e-05,0.312,0.0635
2,rock,0.315,0.715,-8.072,0.00125,7.97e-06,0.0942,0.0362
3,rock,0.663,0.694,-8.627,0.0253,0.0,0.0698,0.171
4,rock,0.574,0.913,-4.793,0.061,0.00158,0.156,0.133
5,rock,0.668,0.921,-3.727,0.0492,0.00517,0.0877,0.0439
6,rock,0.496,0.863,-4.153,0.0046,0.0,0.639,0.0381
7,rock,0.733,0.726,-6.514,0.379,2.58e-06,0.471,0.0371
8,rock,0.31,0.403,-13.664,0.0726,9.27e-05,0.139,0.0326
9,rock,0.437,0.965,-4.448,0.326,0.00028,0.144,0.136
10,rock,0.577,0.828,-8.691,0.00213,0.0114,0.0581,0.0298
11,rock,0.475,0.899,-4.321,0.00375,1.91e-05,0.14,0.0637
12,rock,0.599,0.761,-6.887,0.713,4.74e-06,0.349,0.0421
13,rock,0.828,0.492,-9.744,0.0644,0.00428,0.128,0.0276
14,rock,0.768,0.852,-6.215,0.214,7.36e-05,0.0723,0.038
15,rock,0.361,0.98,-3.635,0.00141,0.00268,0.294,0.33
16,rock,0.547,0.714,-8.628,0.000242,0.636,0.122,0.044
17,rock,0.398,0.952,-6.042,0.000373,7.75e-05,0.1,0.061
18,rock,0.49,0.679,-3.68,0.00394,1.54e-05,0.0383,0.0309
19,rock,0.741,0.697,-7.028,0.0664,2.28e-05,0.133,0.0277
20,rock,0.462,0.836,-5.766,0.00517,0.0,0.18,0.0621
21,rock,0.486,0.449,-10.298,0.166,2.23e-06,0.54,0.0267
22,rock,0.332,0.769,-11.503,0.00367,0.00413,0.0372,0.0765
23,rock,0.653,0.677,-12.244,0.249,0.0,0.403,0.0396
24,rock,0.743,0.836,-6.465,0.0804,0.0,0.384,0.116
25,rock,0.671,0.712,-7.815,0.429,0.0,0.103,0.0476
26,rock,0.473,0.898,-4.797,0.00783,0.0618,0.173,0.0561
27,rock,0.564,0.932,-10.068,0.013,0.169,0.349,0.0554
28,rock,0.454,0.91,-7.766,0.0866,0.0996,0.116,0.0448
29,rock,0.754,0.759,-5.218,0.153,0.000108,0.101,0.302
30,rock,0.625,0.939,-3.115,0.00138,0.0,0.424,0.0669
31,rock,0.592,0.767,-2.788,0.0021,0.00165,0.127,0.027
32,rock,0.505,0.71,-10.853,0.0115,2.58e-06,0.0977,0.0371
33,rock,0.417,0.934,-3.908,0.000278,0.0015,0.132,0.119
34,rock,0.82,0.452,-9.796,0.543,0.00294,0.0714,0.0348
35,rock,0.28,0.908,-5.509,0.0327,8.85e-06,0.18,0.109
36,rock,0.489,0.918,-4.502,3.53e-05,7.64e-05,0.0908,0.0554
37,rock,0.445,0.907,-3.894,0.00161,0.0,0.403,0.0773
38,rock,0.414,0.404,-9.928,0.271,0.0,0.3,0.0499
39,rock,0.5,0.748,-9.072,0.127,0.0,0.447,0.0363
40,rock,0.438,0.71,-12.412,0.262,0.537,0.221,0.0919
41,rock,0.535,0.716,-5.025,0.326,0.0,0.659,0.0431
42,rock,0.502,0.89,-5.175,0.000147,0.0117,0.217,0.0364
43,rock,0.393,0.858,-2.868,0.00359,0.0,0.102,0.0729
44,rock,0.452,0.524,-10.108,0.315,0.0,0.103,0.0351
45,rock,0.256,0.641,-10.283,0.199,0.0329,0.0853,0.0552
46,rock,0.535,0.651,-6.326,0.391,0.0,0.133,0.0544
47,rock,0.338,0.34,-12.049,0.58,0.0032,0.116,0.0339
48,rock,0.343,0.828,-6.222,0.0626,0.00211,0.216,0.0646
49,rock,0.327,0.938,-3.237,0.0708,3.79e-06,0.148,0.0645
0,metal,0.521,0.895,-5.242,5.54e-05,0.349,0.0985,0.0442
1,metal,0.402,0.912,-5.447,0.00158,0.000179,0.0923,0.0442
2,metal,0.484,0.972,-5.155,0.000364,6.72e-05,0.264,0.0883
3,metal,0.354,0.982,-3.026,0.000237,0.000294,0.204,0.168
4,metal,0.61,0.935,-4.444,0.000473,0.00187,0.0854,0.0356
5,metal,0.367,0.634,-6.475,0.000824,0.0759,0.116,0.027
6,metal,0.518,0.858,-6.147,0.00563,0.00349,0.0598,0.0672
7,metal,0.695,0.876,-4.262,0.000996,6.89e-06,0.106,0.0553
8,metal,0.559,0.77,-5.604,0.0534,0.00127,0.135,0.0319
9,metal,0.48,0.929,-4.575,0.00835,0.0,0.218,0.0893
10,metal,0.436,0.748,-6.349,0.000676,3.01e-06,0.221,0.031
11,metal,0.459,0.958,-2.333,0.0283,0.0,0.108,0.0877
12,metal,0.528,0.947,-7.175,9.31e-06,0.0632,0.165,0.0518
13,metal,0.575,0.868,-5.004,0.000207,0.00294,0.0584,0.0319
14,metal,0.639,0.86,-4.27,0.000306,0.00549,0.0507,0.069
15,metal,0.15,0.859,-2.827,0.00201,0.194,0.387,0.0595
16,metal,0.249,0.943,-5.188,0.0286,0.00401,0.162,0.0669
17,metal,0.47,0.859,-3.663,0.000362,0.00691,0.142,0.0537
18,metal,0.554,0.949,-4.928,0.000318,9.98e-05,0.2,0.0787
19,metal,0.555,0.798,-5.658,0.00254,1.5e-05,0.171,0.0279
20,metal,0.448,0.825,-5.307,0.00353,0.0,0.108,0.0621
21,metal,0.407,0.98,-1.58,0.00174,0.000112,0.119,0.107
22,metal,0.468,0.769,-7.036,0.00014,0.00124,0.271,0.041
23,metal,0.446,0.961,-2.639,1.48e-05,2.55e-05,0.703,0.0645
24,metal,0.536,0.849,-4.702,0.00318,0.00197,0.104,0.0616
25,metal,0.338,0.859,-4.938,0.00122,0.211,0.0936,0.0824
26,metal,0.552,0.864,-6.523,0.000931,0.0199,0.0856,0.0375
27,metal,0.507,0.723,-5.747,0.00831,0.0,0.195,0.175
28,metal,0.569,0.752,-5.238,0.0186,0.000168,0.143,0.0307
29,metal,0.451,0.889,-2.693,0.00167,0.00215,0.258,0.261
30,metal,0.399,0.92,-5.403,1.27e-05,0.818,0.121,0.0813
31,metal,0.329,0.974,-8.77,0.000852,0.000118,0.0904,0.135
32,metal,0.469,0.705,-5.134,0.0304,0.0155,0.659,0.0458
33,metal,0.285,0.908,-4.601,0.0318,0.00909,0.311,0.0705
34,metal,0.669,0.814,-5.375,0.00118,0.00131,0.0737,0.0681
35,metal,0.362,0.961,-5.664,0.024,9.35e-06,0.159,0.0857
36,metal,0.61,0.891,-5.452,0.000805,0.0928,0.0657,0.0587
37,metal,0.382,0.996,-4.119,0.00208,0.0,0.417,0.104
38,metal,0.482,0.953,-4.46,5.75e-05,0.0116,0.182,0.0533
39,metal,0.619,0.696,-6.269,1.89e-05,0.00555,0.38,0.0315
40,metal,0.589,0.797,-5.464,0.0289,4.35e-06,0.383,0.15
41,metal,0.313,0.882,-6.215,0.0346,0.338,0.45,0.0355
42,metal,0.418,0.835,-4.824,2.33e-06,0.766,0.289,0.0449
43,metal,0.59,0.849,-4.691,0.0305,0.0,0.11,0.0792
44,metal,0.466,0.912,-5.141,7.75e-05,0.00294,0.284,0.0466
45,metal,0.473,0.783,-10.671,0.0125,0.475,0.268,0.0869
46,metal,0.591,0.963,-6.489,8.74e-05,0.000107,0.0781,0.0531
47,metal,0.43,0.704,-8.008,0.000155,0.00221,0.0933,0.0804
48,metal,0.398,0.939,-2.865,0.00591,0.000881,0.357,0.0648
49,metal,0.473,0.989,-4.212,0.000645,5.7e-06,0.342,0.0597
0,indie,0.451,0.931,-3.871,0.00076,0.0049,0.361,0.0719
1,indie,0.575,0.648,-4.891,0.583,0.0,0.115,0.0358
2,indie,0.512,0.483,-7.798,0.00304,0.0011,0.12,0.0298
3,indie,0.554,0.687,-4.493,0.159,0.0,0.113,0.0261
4,indie,0.641,0.842,-7.27,0.132,0.91,0.419,0.0292
5,indie,0.467,0.757,-5.093,0.0807,0.908,0.0876,0.033
6,indie,0.691,0.631,-6.478,0.0483,1.13e-05,0.104,0.0368
7,indie,0.691,0.306,-15.651,0.632,0.479,0.108,0.0544
8,indie,0.93,0.611,-4.406,0.593,0.00124,0.0592,0.0415
9,indie,0.508,0.792,-7.311,0.229,0.124,0.145,0.0297
10,indie,0.498,0.81,-4.065,0.00392,0.00717,0.0635,0.0263
11,indie,0.697,0.877,-4.465,0.462,0.00943,0.083,0.0462
12,indie,0.572,0.782,-7.82,0.000334,0.134,0.149,0.0469
13,indie,0.625,0.877,-7.176,0.0315,0.0811,0.672,0.162
14,indie,0.598,0.509,-10.861,0.159,0.00227,0.108,0.0371
15,indie,0.464,0.945,-1.815,0.0506,0.756,0.112,0.0401
16,indie,0.588,0.521,-9.461,0.0678,0.149,0.123,0.0329
17,indie,0.457,0.757,-5.177,0.0206,0.0,0.146,0.032
18,indie,0.682,0.9,-5.028,0.0884,0.063,0.0685,0.0874
19,indie,0.711,0.696,-6.927,0.00885,2.15e-05,0.0755,0.0515
20,indie,0.651,0.546,-9.021,0.774,0.0437,0.0842,0.0357
21,indie,0.528,0.797,-7.487,0.000391,0.011,0.14,0.0485
22,indie,0.345,0.941,-9.918,3.84e-05,0.633,0.0511,0.0466
23,indie,0.559,0.871,-5.338,7.53e-06,0.00524,0.096,0.0392
24,indie,0.534,0.724,-4.675,0.00605,0.0929,0.108,0.0495
25,indie,0.523,0.769,-5.855,0.04,0.0,0.136,0.0269
26,indie,0.548,0.532,-7.596,0.186,0.000263,0.217,0.0323
27,indie,0.699,0.812,-6.005,0.0164,0.000763,0.105,0.0377
28,indie,0.682,0.683,-6.444,0.156,2.32e-05,0.273,0.0287
29,indie,0.64,0.74,-4.083,0.0115,0.00678,0.167,0.0284
30,indie,0.689,0.739,-5.81,1.51e-05,0.509,0.064,0.026
31,indie,0.559,0.655,-6.792,0.58,0.000155,0.124,0.051
32,indie,0.545,0.968,-3.553,0.0387,0.00325,0.331,0.0853
33,indie,0.574,0.694,-4.697,0.00481,0.0,0.102,0.0327
34,indie,0.464,0.417,-9.345,0.136,0.022,0.0974,0.0256
35,indie,0.603,0.918,-6.652,0.216,0.146,0.284,0.0641
36,indie,0.174,0.742,-5.93,0.00181,0.281,0.198,0.0485
37,indie,0.511,0.435,-10.254,0.301,8.2e-05,0.255,0.0408
38,indie,0.687,0.617,-5.213,0.0941,1.27e-05,0.0898,0.0287
39,indie,0.551,0.881,-6.099,0.186,0.0791,0.152,0.0542
40,indie,0.744,0.516,-6.365,0.632,0.0,0.605,0.0513
41,indie,0.309,0.883,-3.825,0.0673,0.00111,0.0849,0.0808
42,indie,0.707,0.767,-7.072,0.0279,0.000295,0.169,0.0323
43,indie,0.474,0.921,-10.431,0.00491,0.85,0.476,0.0457
44,indie,0.817,0.551,-9.33,0.865,0.000151,0.101,0.133
45,indie,0.56,0.936,-5.835,0.00847,0.0,0.161,0.0439
46,indie,0.498,0.795,-5.992,0.00482,5.37e-05,0.124,0.0444
47,indie,0.689,0.338,-7.634,0.349,5.7e-05,0.0649,0.0629
48,indie,0.472,0.627,-6.895,0.000427,0.574,0.0798,0.0289
49,indie,0.527,0.923,-7.458,0.000541,0.765,0.127,0.0379
0,trap,0.555,0.935,-5.546,0.122,0.0145,0.226,0.196
1,trap,0.701,0.582,-8.135,0.136,0.0131,0.22,0.0594
2,trap,0.835,0.462,-7.583,0.25,0.0,0.613,0.26
3,trap,0.686,0.895,-2.741,0.0154,4.26e-06,0.077,0.109
4,trap,0.506,0.806,-5.364,0.54,0.0,0.757,0.256
5,trap,0.538,0.783,-3.104,0.0698,4.75e-05,0.19,0.0539
6,trap,0.913,0.667,-6.221,0.0151,7.6e-06,0.0668,0.126
7,trap,0.528,0.727,-4.648,0.00117,0.00174,0.0662,0.0402
8,trap,0.351,0.522,-5.882,0.207,0.0,0.199,0.0359
9,trap,0.669,0.886,-3.01,0.136,3.87e-05,0.377,0.0531
10,trap,0.766,0.631,-8.47,0.457,0.0,0.7,0.327
11,trap,0.779,0.484,-8.829,0.0395,0.000938,0.245,0.125
12,trap,0.826,0.705,-6.482,0.119,0.0,0.125,0.255
13,trap,0.702,0.542,-9.96,0.561,0.0,0.0888,0.11
14,trap,0.688,0.742,-6.3,0.00184,0.0,0.113,0.0637
15,trap,0.635,0.553,-9.016,0.279,0.00385,0.118,0.0423
16,trap,0.845,0.96,-0.19,0.0483,0.0,0.232,0.282
17,trap,0.412,0.489,-6.837,0.0963,3.52e-05,0.202,0.0523
18,trap,0.583,0.849,-9.985,0.000633,0.00335,0.197,0.0493
19,trap,0.524,0.966,-4.966,0.154,0.000102,0.911,0.417
20,trap,0.414,0.984,-3.178,0.00164,0.972,0.507,0.0551
21,trap,0.437,0.938,-3.973,0.00667,0.0213,0.382,0.366
22,trap,0.468,0.624,-4.238,0.0366,0.000789,0.0941,0.0523
23,trap,0.646,0.476,-6.161,0.404,0.0,0.175,0.0627
24,trap,0.401,0.948,-1.84,0.00356,0.377,0.386,0.236
25,trap,0.568,0.85,-7.34,0.0717,0.00018,0.12,0.0973
26,trap,0.57,0.782,-5.199,0.0208,0.0,0.132,0.0412
27,trap,0.689,0.776,-4.22,0.111,0.0343,0.118,0.186
0,folk,0.684,0.837,-5.46,0.0276,2.98e-05,0.0627,0.0307
1,folk,0.493,0.372,-11.889,0.964,0.0308,0.117,0.0331
2,folk,0.53,0.634,-5.759,0.249,0.000622,0.0979,0.0311
3,folk,0.484,0.731,-6.694,0.431,0.0,0.151,0.0379
4,folk,0.682,0.471,-9.182,0.765,0.0,0.0908,0.0301
5,folk,0.432,0.388,-7.687,0.776,0.0,0.112,0.1
6,folk,0.457,0.407,-11.475,0.805,0.884,0.126,0.0308
7,folk,0.537,0.469,-8.486,0.117,1.78e-06,0.106,0.0764
8,folk,0.479,0.725,-4.671,0.026,0.000129,0.209,0.0335
9,folk,0.518,0.126,-12.102,0.942,0.0,0.105,0.0431
10,folk,0.548,0.483,-9.102,0.515,0.0674,0.0922,0.0268
11,folk,0.419,0.113,-15.591,0.943,0.000654,0.139,0.0458
12,folk,0.517,0.492,-8.05,0.0275,3.19e-05,0.0873,0.0272
13,folk,0.644,0.334,-10.866,0.717,4.71e-05,0.114,0.0299
14,folk,0.711,0.292,-15.523,0.313,0.0,0.131,0.037
15,folk,0.606,0.349,-13.967,0.764,0.306,0.112,0.0319
16,folk,0.503,0.482,-7.173,0.595,1.37e-06,0.108,0.0247
17,folk,0.552,0.356,-7.608,0.852,0.0,0.173,0.027
18,folk,0.414,0.161,-22.32,0.883,0.000223,0.117,0.0318
19,folk,0.377,0.176,-12.974,0.969,0.00819,0.183,0.0302
20,folk,0.637,0.482,-9.427,0.217,9.69e-05,0.0904,0.0284
21,folk,0.554,0.225,-11.324,0.892,0.0321,0.107,0.0281
22,folk,0.569,0.183,-14.371,0.914,0.404,0.106,0.0298
23,folk,0.358,0.546,-8.927,0.795,0.0586,0.111,0.0296
24,folk,0.462,0.319,-10.438,0.5,0.0,0.11,0.037
25,folk,0.664,0.573,-6.519,0.613,0.000363,0.0857,0.0277
26,folk,0.807,0.237,-8.039,0.797,0.0,0.136,0.0411
27,folk,0.614,0.527,-6.374,0.597,0.0,0.11,0.0302
28,folk,0.304,0.305,-10.879,0.871,0.00368,0.367,0.0298
29,folk,0.593,0.539,-5.946,0.407,2.31e-06,0.286,0.0349
30,folk,0.486,0.769,-5.14,0.0119,0.00832,0.197,0.0341
31,folk,0.581,0.619,-7.691,0.395,5.34e-06,0.197,0.0383
32,folk,0.528,0.0419,-12.229,0.992,0.00213,0.0883,0.044
33,folk,0.591,0.415,-6.936,0.424,0.000299,0.111,0.0437
34,folk,0.639,0.442,-9.025,0.694,0.0,0.0883,0.0501
35,folk,0.509,0.31,-10.623,0.959,0.229,0.0963,0.0313
36,folk,0.401,0.364,-10.836,0.45,0.0503,0.162,0.033
37,folk,0.315,0.296,-13.262,0.771,0.0,0.702,0.0315
38,folk,0.466,0.496,-6.606,0.626,6.22e-06,0.117,0.0302
39,folk,0.347,0.758,-7.753,0.031,0.000659,0.109,0.0706
40,folk,0.587,0.497,-10.757,0.723,0.782,0.142,0.0307
41,folk,0.862,0.226,-14.901,0.851,0.0381,0.112,0.041
42,folk,0.149,0.206,-13.888,0.822,0.000649,0.115,0.0323
43,folk,0.52,0.655,-6.519,0.105,0.00384,0.124,0.0394
44,folk,0.581,0.0549,-20.514,0.559,0.0,0.0718,0.0397
45,folk,0.378,0.254,-9.021,0.844,0.0,0.111,0.0353
46,folk,0.714,0.306,-12.111,0.726,0.168,0.0924,0.0388
47,folk,0.401,0.13,-17.638,0.989,0.305,0.101,0.0312
48,folk,0.46,0.113,-15.763,0.915,0.0011,0.0959,0.0322
49,folk,0.717,0.455,-8.303,0.0846,0.0,0.11,0.0276
0,electronic,0.665,0.798,-7.294,0.0935,0.0154,0.653,0.0484
1,electronic,0.478,0.966,-0.901,0.00329,0.54,0.312,0.0861
2,electronic,0.648,0.76,-5.932,0.0864,0.0695,0.474,0.0731
3,electronic,0.555,0.935,-5.546,0.122,0.0145,0.226,0.196
4,electronic,0.781,0.847,-4.497,0.0485,0.709,0.254,0.0583
5,electronic,0.557,0.743,-5.787,0.0205,1.14e-05,0.312,0.256
6,electronic,0.723,0.933,-5.457,0.00841,0.0728,0.105,0.0524
7,electronic,0.747,0.752,-6.172,0.024,0.0,0.486,0.135
8,electronic,0.67,0.765,-5.471,0.0789,0.000226,0.0727,0.0492
9,electronic,0.506,0.806,-5.364,0.54,0.0,0.757,0.256
10,electronic,0.772,0.829,-6.037,0.0362,0.267,0.0959,0.0991
11,electronic,0.786,0.775,-4.392,0.126,0.0,0.548,0.204
12,electronic,0.449,0.671,-3.966,0.0401,0.0,0.183,0.0454
13,electronic,0.809,0.671,-7.492,0.013,0.716,0.0576,0.064
14,electronic,0.682,0.818,-6.055,0.0133,0.0012,0.404,0.12
15,electronic,0.628,0.702,-4.296,0.0369,0.419,0.263,0.0337
16,electronic,0.689,0.875,-5.481,0.105,0.00117,0.123,0.0412
17,electronic,0.731,0.647,-7.482,0.18,0.0,0.0876,0.0489
18,electronic,0.715,0.493,-6.466,0.638,9.36e-05,0.0646,0.165
19,electronic,0.546,0.95,-4.32,0.0498,3.29e-05,0.131,0.105
20,electronic,0.718,0.537,-8.973,0.252,0.052,0.663,0.0648
21,electronic,0.917,0.715,-5.618,0.265,0.0,0.208,0.209
22,electronic,0.664,0.424,-15.571,0.81,0.00872,0.12,0.0605
23,electronic,0.602,0.948,-4.418,0.00135,0.796,0.403,0.07
24,electronic,0.658,0.945,-5.028,0.0379,0.022,0.312,0.0582
25,electronic,0.539,0.707,-4.731,0.157,0.024,0.062,0.0624
26,electronic,0.5,0.845,-3.852,0.0098,0.0,0.354,0.0373
27,electronic,0.667,0.862,-5.572,0.00557,0.000676,0.684,0.0604
28,electronic,0.572,0.85,-6.338,0.116,0.0115,0.79,0.122
29,electronic,0.64,0.696,-9.907,0.356,0.0503,0.0724,0.0731
30,electronic,0.669,0.958,-1.685,0.000633,0.0064,0.418,0.0848
31,electronic,0.709,0.898,-6.891,0.00155,0.824,0.0751,0.0684
32,electronic,0.714,0.85,-6.446,0.00232,0.701,0.222,0.0418
33,electronic,0.717,0.869,-5.047,0.0478,1.98e-06,0.239,0.0536
34,electronic,0.516,0.992,-1.268,0.000933,0.00826,0.527,0.24
35,electronic,0.631,0.762,-5.728,0.000322,0.000402,0.0875,0.0425
36,electronic,0.594,0.962,-3.59,0.000177,0.118,0.395,0.323
37,electronic,0.583,0.742,-5.553,0.0768,0.00238,0.286,0.311
38,electronic,0.636,0.83,-2.805,0.266,0.0,0.25,0.0444
39,electronic,0.822,0.867,-3.978,0.000318,0.383,0.237,0.0747
40,electronic,0.575,0.921,-5.992,0.125,0.053,0.206,0.0427
41,electronic,0.653,0.798,-2.492,0.0358,0.0,0.304,0.047
42,electronic,0.62,0.976,-3.904,0.098,0.143,0.0673,0.0433
43,electronic,0.762,0.844,-5.729,0.217,0.000142,0.166,0.252
44,electronic,0.746,0.646,-6.867,0.263,4.43e-06,0.203,0.165
45,electronic,0.771,0.316,-11.047,0.481,3.29e-05,0.0895,0.174
46,electronic,0.7,0.726,-6.405,0.00294,0.0291,0.114,0.0581
47,electronic,0.794,0.934,-6.339,0.0172,0.0175,0.225,0.0689
48,electronic,0.648,0.709,-9.229,0.00577,2.29e-06,0.791,0.0541
49,electronic,0.576,0.814,-5.545,0.00978,0.0,0.682,0.0554
50,electronic,0.487,0.794,-7.693,0.0152,1.11e-06,0.107,0.12
51,electronic,0.638,0.597,-8.578,0.233,0.000905,0.175,0.0371
52,electronic,0.673,0.966,-3.535,0.00549,0.752,0.21,0.0809
53,electronic,0.627,0.785,-5.21,0.0605,0.0,0.344,0.0898
54,electronic,0.591,0.82,-4.15,0.0505,3.31e-05,0.553,0.134
55,electronic,0.686,0.692,-6.031,0.419,0.0,0.142,0.0836
56,electronic,0.7,0.879,-5.795,0.0579,0.0,0.323,0.398
57,electronic,0.567,0.839,-4.942,0.00166,0.00108,0.0891,0.0516
58,electronic,0.61,0.828,-6.571,0.0355,0.00039,0.341,0.0493
59,electronic,0.687,0.794,-4.979,0.08,0.0,0.353,0.0505
60,electronic,0.716,0.935,-6.877,0.000706,0.0717,0.0749,0.0543
61,electronic,0.644,0.762,-7.757,0.0947,1.19e-05,0.165,0.0338
62,electronic,0.619,0.841,-5.627,0.284,0.00806,0.111,0.0345
63,electronic,0.744,0.734,-7.215,0.00421,3.04e-06,0.0775,0.0499
64,electronic,0.752,0.84,-4.136,0.0806,0.0,0.137,0.057
65,electronic,0.413,0.833,-4.772,0.0139,0.000964,0.12,0.0585
66,electronic,0.82,0.836,-4.729,0.00217,0.264,0.309,0.0432
67,electronic,0.741,0.432,-9.022,0.61,0.00843,0.154,0.239
68,electronic,0.549,0.725,-5.214,0.00639,0.0,0.0645,0.0489
69,electronic,0.638,0.895,-5.143,0.00285,0.0184,0.314,0.113
70,electronic,0.616,0.727,-7.096,0.19,0.201,0.161,0.0432
71,electronic,0.763,0.953,-2.791,0.000704,0.726,0.37,0.0899
72,electronic,0.683,0.887,-8.933,0.0348,0.00175,0.29,0.106
73,electronic,0.602,0.905,-3.776,0.382,0.0,0.0576,0.0523
0,classical,0.275,0.157,-18.752,0.89,0.842,0.186,0.0636
1,classical,0.221,0.126,-25.427,0.989,0.897,0.102,0.0447
2,classical,0.289,0.0306,-30.79,0.987,0.911,0.102,0.0446
3,classical,0.0753,0.07,-27.272,0.918,0.947,0.146,0.044
4,classical,0.13,0.158,-16.132,0.748,0.924,0.1,0.035
5,classical,0.0939,0.0336,-24.041,0.927,0.83,0.0954,0.0606
6,classical,0.376,0.00579,-31.615,0.996,0.944,0.0882,0.0576
7,classical,0.169,0.0161,-31.034,0.986,0.86,0.0805,0.0442
8,classical,0.335,0.00501,-33.366,0.993,0.919,0.0618,0.0451
9,classical,0.205,0.0686,-23.415,0.873,0.402,0.0909,0.0462
10,classical,0.233,0.0252,-24.824,0.975,0.604,0.143,0.0346
11,classical,0.371,0.131,-23.899,0.898,0.925,0.0847,0.0413
12,classical,0.0783,0.0523,-23.247,0.896,0.945,0.0806,0.0471
13,classical,0.0811,0.0122,-32.654,0.902,0.308,0.0648,0.0511
14,classical,0.353,0.254,-16.205,0.948,0.859,0.0843,0.0349
15,classical,0.194,0.0545,-24.877,0.983,0.945,0.0551,0.0366
16,classical,0.253,0.098,-19.878,0.93,0.862,0.122,0.0437
17,classical,0.205,0.0525,-23.841,0.98,0.906,0.103,0.0327
18,classical,0.184,0.00527,-37.264,0.995,0.887,0.173,0.0432
19,classical,0.235,0.0639,-24.404,0.962,0.603,0.466,0.049
20,classical,0.148,0.0722,-25.217,0.944,0.148,0.115,0.0427
21,classical,0.312,0.0465,-26.438,0.981,0.9,0.0872,0.0378
22,classical,0.341,0.0142,-28.293,0.993,0.921,0.113,0.0388
23,classical,0.279,0.0292,-26.804,0.987,0.902,0.104,0.0406
24,classical,0.113,0.161,-20.046,0.484,0.928,0.16,0.0442
25,classical,0.0623,0.0116,-27.893,0.991,0.445,0.0816,0.0567
26,classical,0.701,0.341,-12.26,0.499,0.903,0.359,0.0418
27,classical,0.21,0.101,-19.383,0.927,0.902,0.0776,0.0403
28,classical,0.302,0.119,-18.059,0.975,0.887,0.11,0.0386
29,classical,0.102,0.0733,-24.133,0.974,0.859,0.28,0.0488
30,classical,0.165,0.106,-21.742,0.807,0.782,0.105,0.039
31,classical,0.292,0.246,-14.96,0.922,0.525,0.107,0.0385
32,classical,0.327,0.332,-12.971,0.877,0.751,0.129,0.0404
33,classical,0.115,0.0422,-24.137,0.966,0.919,0.0896,0.0404
34,classical,0.491,0.0176,-26.911,0.994,0.927,0.0985,0.0644
35,classical,0.25,0.135,-18.615,0.958,0.0349,0.0477,0.0488
36,classical,0.212,0.119,-20.511,0.976,0.907,0.087,0.0366
37,classical,0.176,0.006,-42.238,0.899,3.24e-05,0.105,0.0384
38,classical,0.1,0.0354,-17.211,0.901,0.865,0.125,0.0387
39,classical,0.351,0.206,-22.657,0.797,0.255,0.0738,0.0597
40,classical,0.299,0.00626,-30.923,0.994,0.901,0.0823,0.0478
41,classical,0.191,0.0363,-25.31,0.991,0.924,0.141,0.0409
42,classical,0.225,0.0047,-30.928,0.992,0.881,0.0722,0.0509
43,classical,0.322,0.14,-20.747,0.906,0.759,0.125,0.0489
44,classical,0.212,0.301,-12.505,0.963,0.0033,0.13,0.0384
45,classical,0.436,0.151,-20.745,0.955,0.793,0.11,0.0603
46,classical,0.465,0.128,-17.628,0.978,0.271,0.0423,0.0519
47,classical,0.37,0.0076,-33.663,0.995,0.91,0.0864,0.0384
48,classical,0.31,0.0555,-25.695,0.994,0.906,0.121,0.0395
49,classical,0.224,0.0291,-26.167,0.959,0.845,0.106,0.0455
50,classical,0.101,0.0241,-30.172,0.947,0.847,0.0693,0.0485
51,classical,0.296,0.00896,-31.948,0.994,0.91,0.0815,0.0394
52,classical,0.212,0.0517,-24.467,0.928,0.639,0.112,0.0525
53,classical,0.116,0.0694,-23.624,0.969,0.644,0.109,0.0497
54,classical,0.48,0.163,-19.117,0.81,0.754,0.093,0.0645
55,classical,0.218,0.117,-18.585,0.94,0.861,0.15,0.0489
56,classical,0.309,0.258,-15.327,0.976,0.69,0.0924,0.0459
57,classical,0.193,0.0839,-22.849,0.971,0.822,0.118,0.0406
58,classical,0.164,0.0194,-34.126,0.938,0.859,0.0939,0.0434
59,classical,0.241,0.122,-22.411,0.925,0.66,0.126,0.0497
60,classical,0.248,0.298,-15.661,0.957,0.9,0.0943,0.0395
61,classical,0.166,0.0363,-26.822,0.978,0.922,0.0882,0.0381
62,classical,0.0891,0.341,-12.681,0.145,0.836,0.111,0.046
63,classical,0.24,0.0648,-25.208,0.935,0.0272,0.258,0.0426
64,classical,0.359,0.046,-18.725,0.901,0.118,0.277,0.0407
65,classical,0.12,0.138,-15.538,0.994,0.686,0.11,0.048
66,classical,0.463,0.162,-24.484,0.963,0.825,0.0943,0.045
67,classical,0.436,0.00518,-36.593,0.995,0.932,0.0788,0.067
68,classical,0.231,0.133,-20.274,0.963,0.659,0.135,0.0437
69,classical,0.367,0.316,-14.49,0.927,0.779,0.113,0.0429
70,classical,0.096,0.0325,-24.978,0.977,0.852,0.0738,0.0416
71,classical,0.356,0.152,-20.155,0.981,0.903,0.0807,0.0406
72,classical,0.154,0.00261,-36.267,0.89,0.763,0.125,0.0419
73,classical,0.339,0.0588,-17.647,0.984,0.862,0.12,0.0373
74,classical,0.458,0.11,-22.234,0.977,0.903,0.359,0.0309
75,classical,0.144,0.0868,-23.338,0.891,0.904,0.177,0.0387
76,classical,0.352,0.235,-16.235,0.894,0.675,0.396,0.0398
77,classical,0.377,0.173,-21.377,0.991,0.909,0.103,0.0329
78,classical,0.496,0.249,-18.131,0.98,0.934,0.12,0.0411
79,classical,0.357,0.0464,-20.868,0.992,0.859,0.109,0.0434
80,classical,0.0,0.0842,-19.397,0.755,0.889,0.262,0.0
81,classical,0.0716,0.0408,-28.284,0.851,0.901,0.0844,0.0399
82,classical,0.302,0.0355,-24.074,0.932,0.304,0.043,0.0363
83,classical,0.411,0.0487,-25.68,0.985,0.918,0.0944,0.0383
84,classical,0.278,0.151,-19.607,0.917,0.122,0.273,0.042
85,classical,0.0999,0.0241,-25.651,0.98,0.766,0.0623,0.0432
86,classical,0.0754,0.0102,-35.69,0.901,0.106,0.0817,0.0464
87,classical,0.156,0.00709,-34.153,0.941,0.799,0.0986,0.0382
88,classical,0.169,0.0974,-21.414,0.864,0.632,0.087,0.042
89,classical,0.203,0.0641,-27.51,0.972,0.94,0.101,0.0529
90,classical,0.484,0.192,-15.378,0.991,0.908,0.106,0.0465
91,classical,0.186,0.124,-15.271,0.978,0.865,0.111,0.0434
92,classical,0.203,0.112,-18.029,0.936,0.935,0.126,0.0418
93,classical,0.093,0.0249,-20.74,0.513,0.805,0.0831,0.0463
94,classical,0.156,0.0978,-16.326,0.976,0.893,0.0854,0.0371
95,classical,0.364,0.0592,-21.757,0.978,0.0,0.0823,0.057
96,classical,0.343,0.0209,-27.015,0.987,0.922,0.126,0.0398
97,classical,0.173,0.182,-18.848,0.886,0.894,0.224,0.0437
98,classical,0.193,0.0656,-19.239,0.995,0.829,0.119,0.0471
99,classical,0.384,0.0414,-23.019,0.992,0.897,0.0684,0.0378
0,k-pop,0.559,0.885,-4.515,0.0432,0.0,0.333,0.189
1,k-pop,0.857,0.7,-4.189,0.0411,0.0,0.0334,0.074
2,k-pop,0.765,0.777,-4.376,0.0539,2.58e-06,0.338,0.0399
3,k-pop,0.75,0.718,-2.817,0.0814,1.75e-05,0.322,0.0468
4,k-pop,0.724,0.921,-1.489,0.0709,0.0,0.121,0.0786
5,k-pop,0.863,0.62,-7.167,0.0508,0.00324,0.129,0.135
6,k-pop,0.766,0.663,-6.932,0.334,0.0,0.117,0.175
7,k-pop,0.874,0.6,-6.064,0.00942,0.0,0.126,0.158
8,k-pop,0.773,0.793,-2.971,0.193,0.0,0.0719,0.14
9,k-pop,0.475,0.695,-5.919,0.0159,0.0,0.125,0.102
10,k-pop,0.706,0.692,-4.433,0.0768,0.0,0.173,0.0277
11,k-pop,0.703,0.709,-4.169,0.00379,5.43e-05,0.333,0.0433
12,k-pop,0.905,0.962,-3.197,0.0299,0.0,0.0272,0.0856
13,k-pop,0.755,0.87,-2.414,0.00988,0.0,0.0917,0.0936
14,k-pop,0.634,0.91,-1.711,0.0223,0.0,0.127,0.0323
15,k-pop,0.39,0.767,-3.918,0.0354,4.26e-06,0.0601,0.293
16,k-pop,0.878,0.71,-5.127,0.367,0.0,0.099,0.0473
17,k-pop,0.744,0.8,-2.63,0.181,0.0,0.0746,0.266
18,k-pop,0.686,0.955,-2.297,0.129,0.0,0.0782,0.159
19,k-pop,0.412,0.94,-2.171,0.0648,0.0,0.358,0.215
20,k-pop,0.74,0.663,-5.393,0.268,0.0,0.121,0.272
21,k-pop,0.532,0.426,-6.117,0.639,0.0,0.134,0.0288
22,k-pop,0.838,0.823,-3.929,0.0864,7.12e-05,0.156,0.164
23,k-pop,0.716,0.638,-6.87,0.486,0.0,0.0702,0.0392
24,k-pop,0.418,0.603,-9.379,0.536,2.52e-05,0.11,0.204
25,k-pop,0.828,0.731,-3.033,0.0617,0.0,0.048,0.111
26,k-pop,0.785,0.907,-2.657,0.00122,3.11e-06,0.213,0.0938
27,k-pop,0.636,0.81,-2.035,0.0205,1.04e-05,0.596,0.101
28,k-pop,0.71,0.686,-4.926,0.296,0.0,0.492,0.0713
29,k-pop,0.637,0.927,-4.771,0.0293,0.000564,0.408,0.212
30,k-pop,0.764,0.886,-3.067,0.0109,2.21e-05,0.325,0.177
31,k-pop,0.634,0.78,-2.323,0.0164,0.0,0.141,0.0963
32,k-pop,0.823,0.923,-2.875,0.127,0.0,0.0571,0.158
33,k-pop,0.648,0.76,-3.191,0.0547,0.0,0.355,0.0441
34,k-pop,0.628,0.812,-2.669,0.0689,0.0,0.34,0.0477
35,k-pop,0.808,0.903,-2.179,0.0899,0.0,0.0816,0.0729
36,k-pop,0.68,0.584,-4.457,0.443,0.0,0.0628,0.034
37,k-pop,0.738,0.67,-3.766,0.458,0.0,0.361,0.0439
38,k-pop,0.819,0.55,-6.57,0.0367,0.0,0.0945,0.0434
39,k-pop,0.492,0.615,-6.663,0.196,0.0,0.0772,0.244
40,k-pop,0.722,0.676,-5.885,0.000835,1.2e-05,0.321,0.0829
41,k-pop,0.727,0.879,-1.167,0.124,1.17e-05,0.244,0.129
42,k-pop,0.82,0.852,-2.567,0.488,5.94e-06,0.0907,0.166
43,k-pop,0.6,0.713,-5.079,0.0642,0.0,0.142,0.0592
44,k-pop,0.759,0.459,-5.187,0.00323,0.0,0.0906,0.0948
45,k-pop,0.599,0.816,-3.412,0.0911,2.17e-06,0.0961,0.0556
46,k-pop,0.605,0.781,-3.913,0.207,0.0,0.217,0.229
47,k-pop,0.512,0.76,-5.889,0.299,0.0,0.103,0.0682
48,k-pop,0.821,0.786,-1.839,0.138,3.55e-06,0.0736,0.0578
49,k-pop,0.437,0.384,-8.384,0.699,2.33e-05,0.121,0.042
0,punk,0.37,0.871,-12.768,0.00185,0.715,0.161,0.045
1,punk,0.29,0.629,-7.052,0.000844,0.000728,0.107,0.0637
2,punk,0.797,0.872,-6.727,0.291,0.0,0.284,0.0575
3,punk,0.491,0.792,-4.382,0.00381,0.0,0.359,0.0699
4,punk,0.463,0.857,-3.063,0.0506,0.0,0.184,0.0632
5,punk,0.403,0.965,-2.238,3.81e-05,0.000276,0.341,0.0964
6,punk,0.416,0.944,-2.485,0.000302,0.0,0.306,0.0394
7,punk,0.268,0.742,-4.939,0.0518,0.0,0.626,0.0355
8,punk,0.55,0.917,-3.159,0.00428,0.0,0.197,0.0638
9,punk,0.625,0.85,-3.904,0.346,0.000233,0.174,0.0495
10,punk,0.385,0.783,-2.533,0.000269,0.47,0.108,0.233
11,punk,0.665,0.678,-4.122,0.00156,0.0,0.474,0.0315
12,punk,0.486,0.977,-3.463,0.00237,0.0,0.298,0.0603
13,punk,0.37,0.812,-5.945,0.0151,0.345,0.295,0.0472
14,punk,0.317,0.887,-4.525,0.000449,9.23e-06,0.363,0.0472
15,punk,0.359,0.949,-7.649,0.0556,0.000396,0.236,0.101
16,punk,0.554,0.8,-3.936,0.119,0.0,0.629,0.0395
17,punk,0.723,0.895,-3.707,0.088,0.0,0.0717,0.102
18,punk,0.459,0.891,-5.057,0.00511,0.0,0.106,0.0623
19,punk,0.334,0.845,-12.563,0.0285,0.0,0.179,0.0625
20,punk,0.35,0.909,-4.204,0.0024,0.0,0.163,0.0774
21,punk,0.494,0.723,-4.559,0.0192,0.0322,0.134,0.0441
22,punk,0.442,0.943,-3.205,0.00293,8.71e-06,0.091,0.0602
23,punk,0.401,0.863,-7.312,0.00079,1.39e-06,0.174,0.0447
24,punk,0.672,0.897,-4.459,0.00978,0.0,0.135,0.0369
25,punk,0.202,0.886,-3.805,0.0286,0.0,0.643,0.0816
26,punk,0.373,0.871,-3.706,0.00115,0.0,0.4,0.0622
27,punk,0.61,0.894,-3.956,0.00317,0.0,0.0539,0.129
28,punk,0.38,0.988,-2.042,2.64e-05,7.86e-05,0.368,0.0639
29,punk,0.66,0.493,-10.438,0.0342,1.74e-06,0.354,0.0304
30,punk,0.774,0.75,-4.927,0.00207,1.78e-05,0.0808,0.0412
31,punk,0.48,0.977,-1.993,0.000463,2.82e-06,0.355,0.117
32,punk,0.633,0.93,-3.262,0.0104,0.0,0.0866,0.0748
33,punk,0.217,0.905,-4.103,0.000289,0.00011,0.222,0.0752
34,punk,0.546,0.814,-5.146,0.023,0.0,0.0972,0.0314
35,punk,0.56,0.965,-2.341,0.121,6.23e-06,0.169,0.0409
36,punk,0.2,0.977,-3.494,0.00165,1.1e-05,0.259,0.159
37,punk,0.651,0.332,-9.734,0.724,5.69e-06,0.1,0.0324
38,punk,0.46,0.91,-3.71,0.000585,0.00155,0.0735,0.0525
39,punk,0.252,0.804,-12.944,0.00631,0.0,0.0756,0.0643
40,punk,0.66,0.8,-4.644,0.106,0.0,0.154,0.0992
41,punk,0.718,0.691,-6.44,0.0159,0.0,0.0627,0.0387
42,punk,0.458,0.717,-7.032,0.466,0.00046,0.0846,0.0701
43,punk,0.731,0.675,-5.134,0.00473,0.0,0.141,0.0434
44,punk,0.57,0.927,-2.024,0.00413,0.0,0.152,0.0381
45,punk,0.546,0.837,-5.13,0.00549,0.0,0.387,0.0519
46,punk,0.236,0.799,-5.167,0.0136,0.0,0.0948,0.0939
47,punk,0.488,0.862,-7.595,0.0204,0.0,0.359,0.0476
48,punk,0.531,0.909,-4.236,0.0175,0.0,0.231,0.034
49,punk,0.651,0.801,-7.34,0.123,0.0,0.0825,0.0514
0,r&b,0.418,0.31,-9.869,0.095,0.0,0.216,0.0625
1,r&b,0.762,0.661,-6.075,0.15,0.0,0.256,0.0687
2,r&b,0.662,0.507,-8.238,0.257,0.0,0.0465,0.118
3,r&b,0.551,0.561,-10.408,0.509,0.367,0.369,0.0559
4,r&b,0.421,0.539,-5.456,0.779,0.0,0.111,0.274
5,r&b,0.727,0.68,-4.498,0.0101,0.0,0.0821,0.0286
6,r&b,0.731,0.807,-6.492,0.181,0.751,0.319,0.1
7,r&b,0.765,0.29,-17.117,0.0279,0.0,0.571,0.139
8,r&b,0.721,0.499,-9.975,0.00274,0.0,0.0914,0.0338
9,r&b,0.939,0.742,-5.171,0.321,0.0,0.107,0.0467
10,r&b,0.911,0.551,-3.75,0.132,4.12e-05,0.0863,0.0449
11,r&b,0.65,0.555,-5.971,0.502,0.0,0.104,0.0719
12,r&b,0.913,0.603,-4.892,0.0272,0.000503,0.167,0.226
13,r&b,0.708,0.47,-7.59,0.248,0.0,0.0852,0.0659
14,r&b,0.74,0.576,-6.744,0.0249,0.0,0.104,0.146
15,r&b,0.673,0.683,-5.693,0.522,0.0,0.235,0.115
16,r&b,0.702,0.659,-6.766,0.301,0.00201,0.218,0.13
17,r&b,0.436,0.655,-8.37,0.499,8.1e-06,0.688,0.0583
18,r&b,0.706,0.751,-6.323,0.173,0.0,0.168,0.0708
19,r&b,0.805,0.33,-8.712,0.22,0.0,0.105,0.1
20,r&b,0.596,0.678,-5.18,0.0199,0.004,0.418,0.0335
21,r&b,0.461,0.593,-4.954,0.17,0.0,0.307,0.0356
22,r&b,0.733,0.69,-5.529,0.0635,1.18e-06,0.105,0.0427
23,r&b,0.429,0.371,-9.017,0.546,5.71e-06,0.104,0.0327
24,r&b,0.58,0.532,-5.668,0.294,0.0,0.0948,0.0424
25,r&b,0.574,0.123,-13.959,0.894,0.00111,0.118,0.196
26,r&b,0.795,0.452,-9.369,0.58,5.56e-06,0.12,0.331
27,r&b,0.524,0.364,-10.209,0.808,0.0,0.1,0.0367
28,r&b,0.437,0.184,-17.667,0.72,0.00253,0.113,0.0313
29,r&b,0.452,0.574,-8.336,0.246,0.0,0.189,0.31
30,r&b,0.737,0.494,-9.723,0.629,0.0,0.126,0.416
31,r&b,0.61,0.725,-5.131,0.367,0.0,0.154,0.15
32,r&b,0.442,0.517,-7.807,0.0699,0.0,0.114,0.0548
33,r&b,0.867,0.646,-4.674,0.303,0.0,0.279,0.288
34,r&b,0.627,0.618,-8.529,0.0558,0.0,0.351,0.0437
35,r&b,0.323,0.737,-4.008,0.142,0.000162,0.163,0.0338
36,r&b,0.833,0.619,-5.595,0.111,2.13e-05,0.159,0.0538
37,r&b,0.583,0.344,-8.765,0.774,0.0,0.143,0.0559
38,r&b,0.762,0.508,-9.112,0.0584,0.00126,0.16,0.0919
39,r&b,0.663,0.861,-3.398,0.0338,0.0,0.082,0.109
40,r&b,0.801,0.645,-6.93,0.0457,0.0,0.0357,0.0356
41,r&b,0.736,0.449,-11.462,0.33,0.000162,0.0898,0.425
42,r&b,0.466,0.403,-10.441,0.59,9.51e-05,0.1,0.0502
43,r&b,0.641,0.355,-10.599,0.831,0.000855,0.11,0.0906
44,r&b,0.758,0.712,-3.781,0.0185,0.0,0.0677,0.112
45,r&b,0.866,0.454,-9.383,0.0373,1.49e-06,0.275,0.0414
46,r&b,0.81,0.538,-5.784,0.528,0.0,0.0951,0.0356
47,r&b,0.709,0.362,-9.814,0.157,0.0,0.109,0.055
48,r&b,0.619,0.806,-4.8,0.272,0.0,0.0671,0.0483
49,r&b,0.766,0.283,-10.33,0.111,0.0172,0.115,0.0846
0,jazz,0.432,0.0951,-23.511,0.909,0.89,0.117,0.0388
1,jazz,0.643,0.28,-13.774,0.965,0.867,0.107,0.0332
2,jazz,0.322,0.152,-16.765,0.958,0.899,0.127,0.0388
3,jazz,0.609,0.162,-17.65,0.917,0.791,0.112,0.0375
4,jazz,0.509,0.154,-18.927,0.978,0.936,0.115,0.041
5,jazz,0.427,0.0841,-20.033,0.973,0.962,0.0995,0.0319
6,jazz,0.51,0.134,-19.383,0.932,0.956,0.375,0.0334
7,jazz,0.375,0.162,-17.787,0.943,0.897,0.178,0.0437
8,jazz,0.497,0.118,-16.891,0.927,0.0547,0.114,0.0309
9,jazz,0.449,0.142,-18.201,0.945,0.914,0.111,0.0421
10,jazz,0.471,0.283,-15.997,0.927,0.671,0.13,0.0308
11,jazz,0.436,0.18,-17.18,0.892,0.88,0.146,0.037
12,jazz,0.481,0.264,-14.794,0.929,0.78,0.1,0.0355
13,jazz,0.345,0.133,-18.314,0.949,0.559,0.0804,0.0331
14,jazz,0.327,0.107,-21.7,0.944,0.93,0.0994,0.0306
15,jazz,0.279,0.0331,-21.254,0.775,0.00863,0.0938,0.041
16,jazz,0.64,0.168,-18.799,0.92,0.948,0.127,0.0457
17,jazz,0.497,0.158,-18.477,0.927,0.922,0.12,0.0355
18,jazz,0.47,0.174,-18.095,0.895,0.934,0.104,0.0316
19,jazz,0.495,0.187,-12.734,0.97,0.749,0.248,0.0489
20,jazz,0.507,0.111,-21.362,0.979,0.921,0.0938,0.0348
21,jazz,0.335,0.109,-17.516,0.961,0.857,0.0916,0.0553
22,jazz,0.382,0.162,-17.792,0.916,0.939,0.1,0.0357
23,jazz,0.549,0.157,-19.482,0.92,0.595,0.0885,0.0317
24,jazz,0.516,0.135,-17.955,0.716,0.0201,0.0822,0.0338
25,jazz,0.38,0.0434,-26.167,0.854,0.363,0.172,0.0346
26,jazz,0.371,0.165,-19.273,0.916,0.937,0.22,0.0363
27,jazz,0.453,0.142,-19.092,0.849,0.0316,0.171,0.0297
28,jazz,0.294,0.112,-22.33,0.835,0.935,0.12,0.0464
29,jazz,0.447,0.113,-20.352,0.965,0.925,0.1,0.0401
30,jazz,0.561,0.0579,-22.358,0.972,0.931,0.11,0.0358
31,jazz,0.562,0.169,-17.401,0.917,0.87,0.106,0.0405
32,jazz,0.516,0.274,-13.807,0.978,0.366,0.118,0.0337
33,jazz,0.492,0.176,-15.332,0.957,0.27,0.116,0.0457
34,jazz,0.387,0.0834,-23.428,0.889,0.773,0.133,0.0355
35,jazz,0.248,0.132,-17.627,0.96,0.969,0.276,0.0347
36,jazz,0.491,0.138,-19.26,0.966,0.94,0.111,0.0354
37,jazz,0.336,0.164,-16.935,0.907,0.923,0.0981,0.0368
38,jazz,0.359,0.0686,-21.495,0.916,0.929,0.104,0.0345
39,jazz,0.38,0.0953,-17.801,0.97,0.679,0.1,0.0291
40,jazz,0.464,0.119,-18.179,0.887,0.884,0.0964,0.0368
41,jazz,0.449,0.184,-20.043,0.959,0.928,0.12,0.0394
42,jazz,0.273,0.0791,-22.392,0.906,0.159,0.146,0.0323
43,jazz,0.442,0.196,-16.846,0.922,0.952,0.166,0.034
44,jazz,0.454,0.167,-19.684,0.958,0.777,0.0962,0.0299
45,jazz,0.367,0.0749,-18.779,0.988,0.968,0.113,0.0358
46,jazz,0.259,0.0793,-21.244,0.966,0.908,0.103,0.0382
47,jazz,0.512,0.153,-17.568,0.904,0.933,0.11,0.0347
48,jazz,0.406,0.0835,-21.4,0.965,0.156,0.209,0.0322
49,jazz,0.448,0.17,-17.722,0.962,0.899,0.11,0.043
50,jazz,0.538,0.166,-17.592,0.978,0.852,0.127,0.0402
51,jazz,0.394,0.181,-17.128,0.929,0.906,0.109,0.0365
52,jazz,0.459,0.175,-16.85,0.94,0.935,0.117,0.0381
53,jazz,0.581,0.181,-19.782,0.955,0.93,0.103,0.0393
54,jazz,0.408,0.255,-14.069,0.75,0.581,0.107,0.0357
55,jazz,0.542,0.122,-18.411,0.976,0.856,0.116,0.0361
56,jazz,0.422,0.0793,-23.268,0.958,0.878,0.713,0.0487
57,jazz,0.366,0.131,-17.749,0.917,0.845,0.12,0.0344
58,jazz,0.267,0.113,-21.599,0.959,0.197,0.126,0.0331
59,jazz,0.397,0.114,-19.562,0.955,0.803,0.121,0.0352
60,jazz,0.456,0.146,-17.11,0.967,0.86,0.111,0.0344
61,jazz,0.445,0.17,-18.671,0.976,0.826,0.102,0.044
62,jazz,0.494,0.153,-11.957,0.984,0.00427,0.11,0.0383
63,jazz,0.517,0.15,-9.638,0.981,0.541,0.104,0.0391
64,jazz,0.548,0.214,-16.057,0.825,0.148,0.303,0.033
65,jazz,0.41,0.106,-23.86,0.959,0.862,0.115,0.034
66,jazz,0.275,0.115,-19.401,0.933,0.621,0.123,0.0347
67,jazz,0.372,0.0785,-21.398,0.953,0.551,0.102,0.0303
68,jazz,0.476,0.192,-22.355,0.891,0.887,0.159,0.0359
69,jazz,0.275,0.0947,-21.118,0.95,0.637,0.113,0.0321
70,jazz,0.362,0.116,-19.228,0.967,0.623,0.108,0.0328
71,jazz,0.479,0.187,-15.742,0.907,0.871,0.138,0.0343
72,jazz,0.354,0.104,-18.189,0.934,0.377,0.148,0.0282
73,jazz,0.409,0.061,-23.758,0.964,0.397,0.0986,0.0398
74,jazz,0.572,0.126,-17.616,0.911,0.878,0.107,0.0371
75,jazz,0.422,0.168,-17.765,0.897,0.15,0.124,0.0318
76,jazz,0.448,0.146,-14.061,0.96,0.00209,0.104,0.0406
77,jazz,0.641,0.0366,-26.04,0.872,0.155,0.107,0.0428
78,jazz,0.306,0.187,-16.685,0.929,0.806,0.109,0.039
79,jazz,0.475,0.146,-18.857,0.914,0.963,0.143,0.0324
80,jazz,0.492,0.119,-13.337,0.979,0.000793,0.122,0.0443
81,jazz,0.477,0.168,-20.088,0.918,0.793,0.117,0.0347
82,jazz,0.553,0.226,-12.211,0.956,0.602,0.136,0.0697
83,jazz,0.302,0.131,-16.388,0.975,0.849,0.171,0.0363
84,jazz,0.339,0.216,-16.875,0.9,0.00273,0.115,0.0328
85,jazz,0.481,0.153,-20.072,0.962,0.919,0.109,0.0377
86,jazz,0.349,0.083,-21.928,0.945,0.899,0.168,0.0351
87,jazz,0.486,0.194,-11.707,0.961,0.000604,0.202,0.0427
88,jazz,0.518,0.144,-14.734,0.914,0.888,0.114,0.0316
89,jazz,0.561,0.2,-18.437,0.934,0.847,0.171,0.0325
90,jazz,0.369,0.0576,-21.441,0.925,0.143,0.118,0.0457
91,jazz,0.311,0.116,-18.167,0.935,0.496,0.119,0.0292
92,jazz,0.516,0.149,-17.08,0.934,0.941,0.0992,0.0396
93,jazz,0.423,0.071,-20.012,0.947,0.672,0.102,0.0397
94,jazz,0.424,0.093,-20.552,0.932,0.864,0.0966,0.0372
95,jazz,0.423,0.116,-17.882,0.972,0.433,0.111,0.0326
96,jazz,0.432,0.184,-17.376,0.881,0.0372,0.126,0.0308
97,jazz,0.394,0.181,-20.645,0.963,0.921,0.11,0.0322
98,jazz,0.431,0.138,-17.408,0.965,0.894,0.109,0.0432
99,jazz,0.508,0.173,-16.946,0.928,0.951,0.122,0.041
0,latin,0.78,0.718,-3.605,0.31,0.000163,0.0932,0.0506
1,latin,0.725,0.86,-3.726,0.422,0.000284,0.0674,0.182
2,latin,0.871,0.815,-4.439,0.127,6.18e-06,0.094,0.0477
3,latin,0.715,0.622,-5.102,0.163,0.0,0.0948,0.046
4,latin,0.762,0.766,-3.955,0.00776,6.98e-05,0.128,0.0343
5,latin,0.644,0.648,-4.601,0.276,0.0,0.135,0.118
6,latin,0.54,0.455,-5.988,0.675,1.08e-05,0.12,0.224
7,latin,0.762,0.77,-2.758,0.138,0.0,0.15,0.223
8,latin,0.77,0.899,-2.981,0.222,1.14e-06,0.0894,0.0494
9,latin,0.8,0.837,-2.807,0.00406,0.00313,0.0904,0.0491
10,latin,0.75,0.522,-7.018,0.282,0.0,0.0743,0.0293
11,latin,0.85,0.541,-4.522,0.161,5.01e-06,0.286,0.0674
12,latin,0.503,0.548,-7.564,0.0751,0.000234,0.145,0.164
13,latin,0.731,0.573,-10.059,0.401,5.22e-05,0.113,0.0544
14,latin,0.759,0.636,-5.585,0.0224,0.000143,0.166,0.0369
15,latin,0.807,0.712,-5.757,0.532,2.37e-05,0.163,0.1
16,latin,0.57,0.455,-5.748,0.441,0.000746,0.0654,0.0996
17,latin,0.781,0.748,-4.604,0.105,0.0,0.156,0.242
18,latin,0.635,0.706,-3.224,0.256,0.0,0.108,0.125
19,latin,0.852,0.593,-5.892,0.386,0.168,0.154,0.0702
20,latin,0.856,0.618,-4.892,0.0303,0.0,0.0866,0.286
21,latin,0.759,0.842,-3.758,0.101,0.0,0.134,0.096
22,latin,0.659,0.688,-4.649,0.207,0.0,0.113,0.0673
23,latin,0.86,0.516,-5.518,0.0616,0.0,0.0791,0.145
24,latin,0.725,0.756,-5.013,0.362,0.000685,0.103,0.0572
25,latin,0.787,0.728,-3.455,0.189,2.29e-05,0.0629,0.389
26,latin,0.571,0.693,-8.234,0.00536,0.0,0.173,0.0545
27,latin,0.863,0.666,-4.158,0.212,0.000493,0.103,0.152
28,latin,0.965,0.485,-8.784,0.0206,0.0237,0.0655,0.191
29,latin,0.79,0.766,-3.497,0.324,0.0,0.0832,0.111
30,latin,0.665,0.94,-3.606,0.434,0.0,0.0914,0.0553
31,latin,0.89,0.666,-4.361,0.0606,6.54e-05,0.11,0.129
32,latin,0.839,0.711,-4.733,0.398,2.02e-06,0.118,0.0473
33,latin,0.656,0.823,-3.059,0.47,0.0,0.103,0.315
34,latin,0.573,0.691,-5.142,0.123,0.0,0.0746,0.0601
35,latin,0.823,0.544,-7.132,0.0215,0.00315,0.0966,0.0715
36,latin,0.793,0.771,-3.417,0.0337,1.51e-06,0.284,0.0959
37,latin,0.684,0.808,-2.737,0.0518,1.02e-05,0.0858,0.061
38,latin,0.718,0.712,-4.366,0.512,0.00121,0.104,0.174
39,latin,0.826,0.74,-4.45,0.142,2.59e-05,0.175,0.0368
40,latin,0.862,0.72,-4.048,0.487,1.19e-06,0.0604,0.0379
41,latin,0.714,0.761,-4.596,0.139,0.00035,0.241,0.0427
42,latin,0.704,0.698,-4.679,0.238,0.0,0.109,0.306
43,latin,0.574,0.891,-3.665,0.0847,0.0,0.16,0.157
44,latin,0.702,0.758,-4.405,0.14,0.0,0.111,0.278
45,latin,0.567,0.686,-5.096,0.147,0.0,0.118,0.119
46,latin,0.823,0.537,-2.639,0.176,3.98e-06,0.123,0.209
47,latin,0.915,0.72,-3.126,0.025,1.42e-05,0.0942,0.0459
48,latin,0.744,0.679,-3.51,0.0654,0.00429,0.0966,0.0791
49,latin,0.743,0.674,-4.201,0.15,0.0,0.0986,0.129
50,latin,0.786,0.899,-0.515,0.192,0.000189,0.299,0.127
51,latin,0.86,0.762,-2.343,0.286,0.000148,0.0697,0.0447
52,latin,0.772,0.758,-3.891,0.0433,0.0,0.295,0.0482
53,latin,0.823,0.821,-3.402,0.31,4.28e-06,0.143,0.166
54,latin,0.823,0.772,-4.935,0.243,0.0,0.118,0.0591
55,latin,0.707,0.876,-1.887,0.173,9.36e-06,0.932,0.0787
56,latin,0.658,0.453,-7.378,0.131,0.0002,0.0848,0.39
57,latin,0.905,0.686,-3.152,0.0907,0.0,0.266,0.0664
58,latin,0.739,0.788,-5.198,0.0513,0.0,0.282,0.0731
59,latin,0.803,0.715,-3.28,0.295,0.000134,0.0574,0.298
60,latin,0.729,0.513,-6.345,0.494,1.1e-06,0.137,0.0455
61,latin,0.863,0.823,-4.271,0.246,0.0,0.134,0.121
62,latin,0.733,0.591,-4.046,0.217,0.0,0.0986,0.148
63,latin,0.653,0.524,-9.016,0.112,0.0,0.203,0.0502
64,latin,0.793,0.782,-3.945,0.447,0.0,0.124,0.0582
65,latin,0.812,0.747,-4.611,0.31,0.00412,0.1,0.15
66,latin,0.598,0.734,-3.982,0.208,0.0,0.272,0.116
67,latin,0.625,0.754,-4.158,0.17,3.76e-05,0.109,0.076
68,latin,0.824,0.457,-5.428,0.167,0.0,0.041,0.0543
69,latin,0.854,0.525,-4.426,0.819,0.0,0.146,0.214
70,latin,0.728,0.806,-3.766,0.0531,0.000301,0.153,0.0623
71,latin,0.659,0.701,-4.107,0.0882,0.0,0.0866,0.164
72,latin,0.503,0.762,-4.263,0.0756,9.84e-06,0.0919,0.298
73,latin,0.691,0.765,-4.727,0.464,3.29e-06,0.203,0.111
74,latin,0.648,0.752,-4.13,0.315,0.0,0.201,0.133
75,latin,0.585,0.611,-4.132,0.39,0.0,0.649,0.288
76,latin,0.578,0.634,-5.979,0.00473,0.0,0.132,0.333
77,latin,0.664,0.659,-4.232,0.0625,0.00024,0.0874,0.0873
78,latin,0.833,0.66,-3.985,0.141,0.0,0.107,0.1
79,latin,0.9,0.603,-5.313,0.402,4.81e-06,0.134,0.0646
80,latin,0.816,0.72,-4.454,0.206,0.0,0.277,0.0684
81,latin,0.703,0.73,-6.634,0.371,0.0,0.143,0.247
82,latin,0.67,0.659,-7.15,0.208,0.0,0.223,0.201
83,latin,0.779,0.75,-2.685,0.135,2.07e-06,0.184,0.0634
84,latin,0.843,0.836,-2.474,0.0816,0.00138,0.0532,0.0695
85,latin,0.736,0.585,-4.617,0.273,0.0,0.106,0.346
86,latin,0.607,0.829,-4.074,0.0103,0.0,0.107,0.379
87,latin,0.655,0.672,-5.98,0.471,0.0,0.0767,0.311
88,latin,0.862,0.779,-2.857,0.041,0.0,0.344,0.0464
89,latin,0.483,0.492,-6.591,0.603,0.0,0.323,0.295
90,latin,0.812,0.691,-5.837,0.614,1.04e-05,0.226,0.352
91,latin,0.922,0.927,-3.025,0.283,0.00331,0.719,0.105
92,latin,0.716,0.624,-5.398,0.238,0.0,0.128,0.0739
93,latin,0.86,0.758,-5.16,0.021,6.54e-05,0.344,0.0695
94,latin,0.803,0.642,-3.759,0.153,1.76e-06,0.14,0.217
95,latin,0.881,0.696,-3.838,0.137,4.13e-05,0.0927,0.0797
96,latin,0.861,0.678,-4.157,0.253,2.42e-05,0.106,0.0536
97,latin,0.643,0.769,-3.533,0.0858,0.0,0.205,0.0877
98,latin,0.816,0.578,-6.011,0.268,0.0,0.353,0.293
99,latin,0.817,0.737,-5.453,0.046,1.57e-05,0.092,0.102
0,opera,0.856,0.851,-6.006,0.000747,0.641,0.0585,0.0699
1,opera,0.701,0.935,-6.667,0.000592,0.881,0.268,0.0469
2,opera,0.943,0.956,-5.613,0.0238,0.148,0.0463,0.143
3,opera,0.806,0.898,-5.834,0.00734,0.588,0.0722,0.0539
4,opera,0.806,0.795,-6.608,0.000728,0.695,0.0763,0.0701
5,opera,0.779,0.854,-5.612,0.22,0.000438,0.396,0.118
6,opera,0.607,0.914,-5.02,3.8e-05,0.162,0.165,0.0547
7,opera,0.808,0.847,-6.788,0.0115,0.863,0.16,0.0619
8,opera,0.763,0.806,-6.204,0.0043,0.0,0.0776,0.0498
9,opera,0.768,0.809,-9.128,0.00556,0.533,0.105,0.042
10,opera,0.484,0.858,-5.679,0.00094,0.00216,0.372,0.0917
11,opera,0.789,0.679,-9.136,0.000917,0.501,0.0422,0.0593
12,opera,0.822,0.614,-9.596,0.000641,0.84,0.0856,0.14
13,opera,0.73,0.849,-6.899,0.00172,0.82,0.159,0.0378
14,opera,0.784,0.902,-3.552,0.013,0.089,0.0925,0.055
15,opera,0.816,0.949,-5.804,0.00545,0.864,0.0361,0.0589
16,opera,0.823,0.855,-5.577,0.000807,4.9e-06,0.345,0.0456
17,opera,0.778,0.877,-8.96,0.000351,0.712,0.114,0.0463
18,opera,0.704,0.978,-5.55,0.0433,0.386,0.426,0.21
19,opera,0.629,0.839,-5.768,0.000883,0.0364,0.109,0.0348
20,opera,0.636,0.934,-8.578,0.0225,0.297,0.122,0.0372
21,opera,0.745,0.967,-6.507,0.201,0.395,0.146,0.0593
22,opera,0.798,0.907,-6.042,0.01,0.000377,0.149,0.16
23,opera,0.83,0.993,-4.383,0.00839,0.725,0.0659,0.0637
24,opera,0.801,0.998,-3.63,0.0262,0.848,0.0971,0.0597
25,opera,0.749,0.951,-6.13,0.0314,0.824,0.0427,0.0465
26,opera,0.761,0.714,-7.194,0.00436,0.226,0.191,0.0498
27,opera,0.8,0.94,-6.182,0.0281,0.0105,0.0911,0.0606
28,opera,0.689,0.972,-3.567,0.0423,0.251,0.0673,0.0467
29,opera,0.754,0.96,-5.288,0.00461,0.816,0.191,0.0426
30,opera,0.639,0.866,-5.554,0.0355,0.0743,0.175,0.0448
31,opera,0.795,0.922,-9.545,0.0132,0.775,0.122,0.0955
32,opera,0.797,0.88,-5.722,0.00298,0.574,0.183,0.0442
33,opera,0.858,0.955,-5.901,0.000629,0.842,0.0691,0.0516
34,opera,0.825,0.851,-4.665,0.00738,0.68,0.0403,0.064
35,opera,0.555,0.962,-4.964,0.155,0.768,0.0538,0.042
36,opera,0.766,0.948,-8.68,0.00619,0.885,0.0457,0.0521
37,opera,0.605,0.779,-7.271,0.000394,0.27,0.152,0.0282
38,opera,0.675,0.807,-4.362,3.69e-05,0.871,0.0618,0.0459
39,opera,0.661,0.793,-6.619,0.00898,0.848,0.191,0.0354
40,opera,0.8,0.963,-4.552,0.000222,0.887,0.0676,0.0377
41,opera,0.898,0.585,-9.684,0.266,0.00658,0.198,0.214
42,opera,0.85,0.981,-6.46,0.000247,0.188,0.166,0.136
43,opera,0.71,0.76,-8.064,0.00292,0.515,0.177,0.0364
44,opera,0.757,0.947,-6.158,0.000648,0.843,0.0528,0.0417
45,opera,0.724,0.898,-8.194,0.00985,0.9,0.249,0.0469
46,opera,0.574,0.967,-5.628,0.195,0.779,0.155,0.046
47,opera,0.808,0.932,-6.49,0.000297,0.572,0.0595,0.0585
48,opera,0.706,0.945,-5.249,0.00123,0.022,0.0422,0.0606
49,opera,0.86,0.547,-7.949,0.129,0.000309,0.057,0.191
50,opera,0.872,0.564,-9.078,0.045,0.405,0.127,0.158
51,opera,0.736,0.79,-6.453,0.00204,0.715,0.114,0.0418
52,opera,0.817,0.933,-8.226,0.0573,0.00362,0.324,0.079
53,opera,0.65,0.875,-5.196,0.00127,0.0596,0.0606,0.036
54,opera,0.874,0.908,-3.573,0.00839,0.0891,0.343,0.0593
55,opera,0.816,0.709,-7.861,0.00414,0.00279,0.118,0.101
56,opera,0.688,0.672,-11.72,0.0381,0.55,0.315,0.0704
57,opera,0.794,0.651,-8.434,0.00985,0.764,0.0778,0.0479
58,opera,0.717,0.935,-6.64,0.000238,0.791,0.332,0.046
59,opera,0.745,0.881,-6.228,0.0396,0.255,0.0704,0.089
60,opera,0.806,0.96,-3.733,0.000101,0.403,0.315,0.0469
61,opera,0.767,0.862,-5.464,0.14,0.0092,0.252,0.0606
62,opera,0.75,0.989,-6.557,0.00784,0.746,0.0497,0.0582
63,opera,0.703,0.962,-4.543,0.0169,1.02e-06,0.124,0.154
64,opera,0.726,0.943,-6.83,0.00247,0.843,0.105,0.0401
65,opera,0.942,0.763,-6.222,0.151,5.82e-06,0.147,0.39
66,opera,0.688,0.907,-6.927,0.358,0.853,0.149,0.0463
67,opera,0.802,0.819,-6.774,0.00885,0.307,0.102,0.0856
68,opera,0.776,0.951,-8.6,0.00388,0.72,0.635,0.0631
69,opera,0.729,0.811,-6.829,0.00473,0.0354,0.644,0.0307
70,opera,0.788,0.773,-6.878,0.0199,0.49,0.13,0.0821
71,opera,0.824,0.782,-6.03,0.0401,0.138,0.335,0.106
72,opera,0.857,0.919,-5.293,0.0216,0.000878,0.373,0.11
73,opera,0.801,0.967,-6.465,0.00229,0.857,0.335,0.0572
74,opera,0.745,0.873,-7.619,0.0367,0.298,0.315,0.0448
75,opera,0.643,0.887,-10.206,0.000254,0.394,0.0557,0.0407
76,opera,0.748,0.913,-7.057,0.0577,6.73e-06,0.136,0.0495
77,opera,0.566,0.868,-6.532,0.00666,0.918,0.0669,0.0487
78,opera,0.778,0.816,-8.331,0.0607,0.88,0.121,0.0497
79,opera,0.681,0.851,-4.96,0.0315,0.0868,0.443,0.0635
80,opera,0.736,0.827,-3.902,0.0199,0.00828,0.351,0.0643
81,opera,0.788,0.96,-4.684,0.00629,0.00673,0.0878,0.0499
82,opera,0.613,0.845,-6.731,0.0156,0.309,0.375,0.0369
83,opera,0.908,0.693,-8.363,0.0314,0.405,0.0918,0.144
84,opera,0.797,0.835,-5.267,0.0015,0.202,0.0891,0.0573
85,opera,0.764,0.953,-5.197,0.00861,0.856,0.0948,0.0448
86,opera,0.844,0.772,-7.936,0.0955,0.12,0.0757,0.0924
87,opera,0.748,0.926,-6.233,0.0494,0.555,0.134,0.0642
88,opera,0.801,0.806,-5.754,0.00176,0.802,0.0966,0.0619
89,opera,0.734,0.856,-5.879,0.0347,0.539,0.456,0.0407
90,opera,0.673,0.837,-5.324,0.0469,1.69e-05,0.109,0.0983
91,opera,0.78,0.914,-5.283,0.00356,0.00701,0.151,0.0435
92,opera,0.831,0.764,-9.071,0.0141,0.062,0.294,0.157
93,opera,0.839,0.627,-5.469,0.000714,0.013,0.221,0.0614
94,opera,0.799,0.937,-7.677,0.00268,0.888,0.044,0.225
95,opera,0.844,0.688,-7.879,0.0129,5.39e-05,0.0492,0.049
96,opera,0.676,0.958,-4.582,0.00151,0.0129,0.249,0.0691
97,opera,0.729,0.934,-5.234,0.0129,0.456,0.125,0.0807
98,opera,0.713,0.876,-5.633,0.0213,0.519,0.0606,0.0376
99,opera,0.682,0.979,-6.353,0.0145,0.707,0.286,0.0894
0,reggae,0.79,0.598,-6.85,0.0984,0.0,0.0932,0.282
1,reggae,0.814,0.482,-10.493,0.0111,1.57e-06,0.0476,0.0588
2,reggae,0.744,0.69,-7.541,0.524,3.15e-06,0.201,0.0571
3,reggae,0.675,0.526,-11.39,0.653,0.000319,0.305,0.0403
4,reggae,0.809,0.736,-6.523,0.376,0.0,0.047,0.2
5,reggae,0.672,0.747,-5.114,0.0207,0.0,0.137,0.122
6,reggae,0.646,0.764,-6.66,0.13,0.0,0.104,0.234
7,reggae,0.869,0.538,-6.239,0.333,0.128,0.162,0.0437
8,reggae,0.916,0.72,-8.548,0.36,0.00016,0.0958,0.1
9,reggae,0.82,0.64,-6.882,0.205,0.0,0.113,0.0543
10,reggae,0.781,0.722,-8.376,0.236,0.000398,0.077,0.0667
11,reggae,0.851,0.514,-13.312,0.292,1.98e-05,0.0683,0.0362
12,reggae,0.865,0.549,-10.083,0.0845,0.156,0.081,0.244
13,reggae,0.848,0.622,-4.086,0.739,0.0,0.104,0.0485
14,reggae,0.957,0.226,-14.606,0.119,0.0358,0.0796,0.0594
15,reggae,0.872,0.688,-4.024,0.2,0.0,0.385,0.123
16,reggae,0.615,0.73,-4.61,0.00707,0.0,0.122,0.175
17,reggae,0.645,0.713,-8.543,0.148,0.0,0.0964,0.165
18,reggae,0.789,0.667,-7.852,0.179,0.0,0.0603,0.283
19,reggae,0.765,0.476,-11.698,0.662,0.0,0.111,0.0359
20,reggae,0.776,0.559,-8.375,0.11,0.0,0.0671,0.103
21,reggae,0.912,0.607,-5.474,0.152,1.28e-06,0.118,0.132
22,reggae,0.74,0.79,-5.868,0.0247,0.0,0.0666,0.186
23,reggae,0.704,0.746,-8.357,0.0857,0.0,0.374,0.0922
24,reggae,0.761,0.486,-8.947,0.688,0.0,0.17,0.254
25,reggae,0.782,0.687,-6.69,0.0573,0.0,0.0718,0.109
26,reggae,0.839,0.463,-4.9,0.936,0.0,0.111,0.0404
27,reggae,0.765,0.555,-7.579,0.409,2.04e-06,0.073,0.374
28,reggae,0.632,0.932,-5.284,0.315,0.0,0.623,0.177
29,reggae,0.46,0.322,-8.382,0.878,1.26e-06,0.114,0.0337
30,reggae,0.617,0.464,-11.918,0.497,7.08e-06,0.0724,0.142
31,reggae,0.796,0.581,-8.767,0.114,0.0,0.205,0.371
32,reggae,0.787,0.728,-7.705,0.0124,0.0,0.157,0.218
33,reggae,0.787,0.87,-8.266,0.294,0.0,0.33,0.181
34,reggae,0.683,0.653,-7.586,0.0326,8.42e-06,0.0578,0.113
35,reggae,0.78,0.427,-8.371,0.128,1.75e-05,0.0697,0.126
36,reggae,0.586,0.791,-4.703,0.168,0.0,0.118,0.231
37,reggae,0.724,0.783,-3.999,0.232,0.0,0.181,0.217
38,reggae,0.904,0.431,-10.14,0.191,0.00179,0.0928,0.116
39,reggae,0.791,0.568,-8.821,0.483,0.0,0.101,0.0476
40,reggae,0.628,0.528,-11.041,0.0619,0.0,0.11,0.286
41,reggae,0.809,0.724,-5.631,0.0703,0.0,0.104,0.114
42,reggae,0.717,0.445,-5.726,0.403,6.83e-05,0.105,0.0666
43,reggae,0.668,0.78,-6.481,0.0487,0.0,0.107,0.0901
44,reggae,0.77,0.672,-5.998,0.0125,0.0432,0.115,0.0539
45,reggae,0.7,0.637,-8.3,0.0657,0.0,0.232,0.185
46,reggae,0.855,0.602,-7.289,0.376,0.0,0.167,0.0595
47,reggae,0.883,0.335,-10.081,0.00209,8.67e-05,0.24,0.195
48,reggae,0.939,0.65,-8.282,0.00557,0.0,0.0429,0.0615
49,reggae,0.729,0.546,-4.484,0.101,0.0,0.097,0.212
